employee_id,department,week,projects_assigned,used_hours,effective_capacity,remaining_capacity,utilization_pct,capacity_exceeded
1,Chip Design,1,1,40.2298,40.2298,0.0,100.0,False
2,Process Engineering,1,1,39.6295,39.6295,0.0,100.0,False
3,Quality Assurance,1,2,36.0035,36.0035,0.0,100.0,False
4,Wafer Manufacturing,1,1,38.6965,38.6965,0.0,100.0,False
5,Wafer Manufacturing,1,1,38.3501,38.3501,0.0,100.0,False
6,Process Engineering,1,2,38.6561,38.6561,0.0,100.0,False
7,Chip Design,1,1,40.6143,40.6143,0.0,100.0,False
8,Quality Assurance,1,1,38.6708,38.6708,0.0,100.0,False
9,Chip Design,1,2,40.0367,40.0367,0.0,100.0,False
10,Chip Design,1,1,38.2027,38.2027,0.0,100.0,False
11,Quality Assurance,1,2,38.8674,38.8674,0.0,100.0,False
12,Process Engineering,1,2,39.8939,39.8939,0.0,100.0,False
13,Quality Assurance,1,1,33.6285,33.6285,0.0,100.0,False
14,Process Engineering,1,1,37.041,37.041,0.0,100.0,False
15,Quality Assurance,1,1,36.5889,36.5889,0.0,100.0,False
16,Process Engineering,1,2,36.0834,36.0834,0.0,100.0,False
17,Quality Assurance,1,1,37.1746,37.1746,0.0,100.0,False
18,Chip Design,1,2,42.0,42.0,0.0,100.0,False
19,Process Engineering,1,1,35.4025,35.4025,0.0,100.0,False
20,Wafer Manufacturing,1,1,40.9048,40.9048,0.0,100.0,False
21,Quality Assurance,1,1,32.9514,32.9514,0.0,100.0,False
22,Wafer Manufacturing,1,1,36.9953,36.9953,0.0,100.0,False
23,Chip Design,1,1,38.4883,38.4883,0.0,100.0,False
24,Process Engineering,1,1,39.7587,39.7587,0.0,100.0,False
25,Process Engineering,1,2,40.1337,40.1337,0.0,100.0,False
26,Quality Assurance,1,1,40.38,40.38,0.0,100.0,False
27,Wafer Manufacturing,1,1,36.9538,36.9538,0.0,100.0,False
28,Process Engineering,1,1,36.6129,36.6129,0.0,100.0,False
29,Quality Assurance,1,1,40.5739,40.5739,0.0,100.0,False
30,Wafer Manufacturing,1,1,37.4261,37.4261,0.0,100.0,False
31,Wafer Manufacturing,1,2,34.1729,34.1729,0.0,100.0,False
32,Chip Design,1,1,34.6001,34.6001,0.0,100.0,False
33,Chip Design,1,2,35.2416,35.2416,0.0,100.0,False
34,Quality Assurance,1,1,39.4915,39.4915,0.0,100.0,False
35,Process Engineering,1,1,38.4273,38.4273,0.0,100.0,False
36,Chip Design,1,2,40.0715,40.0715,0.0,100.0,False
37,Process Engineering,1,2,36.7182,36.7182,0.0,100.0,False
38,Process Engineering,1,1,38.4756,38.4756,0.0,100.0,False
39,Wafer Manufacturing,1,2,39.8768,39.8768,0.0,100.0,False
40,Quality Assurance,1,1,37.072,37.072,0.0,100.0,False
41,Chip Design,1,2,39.3703,39.3703,0.0,100.0,False
42,Process Engineering,1,1,36.0142,36.0142,0.0,100.0,False
43,Quality Assurance,1,1,36.9108,36.9108,0.0,100.0,False
44,Wafer Manufacturing,1,1,36.8548,36.8548,0.0,100.0,False
45,Chip Design,1,1,34.4125,34.4125,0.0,100.0,False
46,Process Engineering,1,2,39.4609,39.4609,0.0,100.0,False
47,Wafer Manufacturing,1,1,36.5918,36.5918,0.0,100.0,False
48,Process Engineering,1,1,38.0375,38.0375,0.0,100.0,False
49,Quality Assurance,1,1,39.4422,39.4422,0.0,100.0,False
50,Process Engineering,1,1,39.3396,39.3396,0.0,100.0,False
51,Process Engineering,1,1,39.9962,39.9962,0.0,100.0,False
52,Chip Design,1,1,37.7045,37.7045,0.0,100.0,False
53,Wafer Manufacturing,1,1,36.7301,36.7301,0.0,100.0,False
54,Wafer Manufacturing,1,1,37.7608,37.7608,0.0,100.0,False
55,Wafer Manufacturing,1,1,32.938,32.938,0.0,100.0,False
56,Chip Design,1,2,33.6587,33.6587,0.0,100.0,False
57,Quality Assurance,1,2,34.0319,34.0319,0.0,100.0,False
58,Chip Design,1,1,35.0083,35.0083,0.0,100.0,False
59,Quality Assurance,1,2,39.1993,39.1993,0.0,100.0,False
60,Quality Assurance,1,2,35.2836,35.2836,0.0,100.0,False
61,Process Engineering,1,1,36.8655,36.8655,0.0,100.0,False
62,Quality Assurance,1,2,41.8977,41.8977,0.0,100.0,False
63,Wafer Manufacturing,1,2,36.9312,36.9312,0.0,100.0,False
64,Process Engineering,1,2,40.2125,40.2125,0.0,100.0,False
65,Wafer Manufacturing,1,1,35.1991,35.1991,0.0,100.0,False
66,Wafer Manufacturing,1,2,37.3837,37.3837,0.0,100.0,False
67,Process Engineering,1,1,35.1499,35.1499,0.0,100.0,False
68,Wafer Manufacturing,1,2,36.9829,36.9829,0.0,100.0,False
69,Chip Design,1,1,40.5209,40.5209,0.0,100.0,False
70,Wafer Manufacturing,1,2,32.818,32.818,0.0,100.0,False
71,Process Engineering,1,1,39.3033,39.3033,0.0,100.0,False
72,Chip Design,1,1,38.7132,38.7132,0.0,100.0,False
73,Wafer Manufacturing,1,1,36.2176,36.2176,0.0,100.0,False
74,Chip Design,1,1,33.6618,33.6618,0.0,100.0,False
75,Quality Assurance,1,2,38.2164,38.2164,0.0,100.0,False
76,Wafer Manufacturing,1,2,36.4115,36.4115,0.0,100.0,False
77,Wafer Manufacturing,1,1,38.698,38.698,0.0,100.0,False
78,Chip Design,1,1,38.0656,38.0656,0.0,100.0,False
79,Quality Assurance,1,2,42.0,42.0,0.0,100.0,False
80,Quality Assurance,1,1,37.2819,37.2819,0.0,100.0,False
1,Chip Design,2,1,40.2298,40.2298,0.0,100.0,False
2,Process Engineering,2,1,39.6295,39.6295,0.0,100.0,False
3,Quality Assurance,2,1,36.0035,36.0035,0.0,100.0,False
4,Wafer Manufacturing,2,2,38.6965,38.6965,0.0,100.0,False
5,Wafer Manufacturing,2,1,38.3501,38.3501,0.0,100.0,False
6,Process Engineering,2,1,38.6561,38.6561,0.0,100.0,False
7,Chip Design,2,1,40.6143,40.6143,0.0,100.0,False
8,Quality Assurance,2,1,38.6708,38.6708,0.0,100.0,False
9,Chip Design,2,2,40.0367,40.0367,0.0,100.0,False
10,Chip Design,2,2,38.2027,38.2027,0.0,100.0,False
11,Quality Assurance,2,1,38.8674,38.8674,0.0,100.0,False
12,Process Engineering,2,1,39.8939,39.8939,0.0,100.0,False
13,Quality Assurance,2,2,33.6285,33.6285,0.0,100.0,False
14,Process Engineering,2,1,37.041,37.041,0.0,100.0,False
15,Quality Assurance,2,2,36.5889,36.5889,0.0,100.0,False
16,Process Engineering,2,2,36.0834,36.0834,0.0,100.0,False
17,Quality Assurance,2,1,37.1746,37.1746,0.0,100.0,False
18,Chip Design,2,1,42.0,42.0,0.0,100.0,False
19,Process Engineering,2,1,35.4025,35.4025,0.0,100.0,False
20,Wafer Manufacturing,2,1,40.9048,40.9048,0.0,100.0,False
21,Quality Assurance,2,1,32.9514,32.9514,0.0,100.0,False
22,Wafer Manufacturing,2,1,36.9953,36.9953,0.0,100.0,False
23,Chip Design,2,1,38.4883,38.4883,0.0,100.0,False
24,Process Engineering,2,1,39.7587,39.7587,0.0,100.0,False
25,Process Engineering,2,1,40.1337,40.1337,0.0,100.0,False
26,Quality Assurance,2,1,40.38,40.38,0.0,100.0,False
27,Wafer Manufacturing,2,2,36.9538,36.9538,0.0,100.0,False
28,Process Engineering,2,2,36.6129,36.6129,0.0,100.0,False
29,Quality Assurance,2,2,40.5739,40.5739,0.0,100.0,False
30,Wafer Manufacturing,2,1,37.4261,37.4261,0.0,100.0,False
31,Wafer Manufacturing,2,1,34.1729,34.1729,0.0,100.0,False
32,Chip Design,2,2,34.6001,34.6001,0.0,100.0,False
33,Chip Design,2,2,35.2416,35.2416,0.0,100.0,False
34,Quality Assurance,2,2,39.4915,39.4915,0.0,100.0,False
35,Process Engineering,2,1,38.4273,38.4273,0.0,100.0,False
36,Chip Design,2,1,40.0715,40.0715,0.0,100.0,False
37,Process Engineering,2,1,36.7182,36.7182,0.0,100.0,False
38,Process Engineering,2,2,38.4756,38.4756,0.0,100.0,False
39,Wafer Manufacturing,2,2,39.8768,39.8768,0.0,100.0,False
40,Quality Assurance,2,1,37.072,37.072,0.0,100.0,False
41,Chip Design,2,1,39.3703,39.3703,0.0,100.0,False
42,Process Engineering,2,1,36.0142,36.0142,0.0,100.0,False
43,Quality Assurance,2,2,36.9108,36.9108,0.0,100.0,False
44,Wafer Manufacturing,2,1,36.8548,36.8548,0.0,100.0,False
45,Chip Design,2,2,34.4125,34.4125,0.0,100.0,False
46,Process Engineering,2,1,39.4609,39.4609,0.0,100.0,False
47,Wafer Manufacturing,2,2,36.5918,36.5918,0.0,100.0,False
48,Process Engineering,2,1,38.0375,38.0375,0.0,100.0,False
49,Quality Assurance,2,1,39.4422,39.4422,0.0,100.0,False
50,Process Engineering,2,2,39.3396,39.3396,0.0,100.0,False
51,Process Engineering,2,2,39.9962,39.9962,0.0,100.0,False
52,Chip Design,2,2,37.7045,37.7045,0.0,100.0,False
53,Wafer Manufacturing,2,1,36.7301,36.7301,0.0,100.0,False
54,Wafer Manufacturing,2,2,37.7608,37.7608,0.0,100.0,False
55,Wafer Manufacturing,2,1,32.938,32.938,0.0,100.0,False
56,Chip Design,2,1,33.6587,33.6587,0.0,100.0,False
57,Quality Assurance,2,1,34.0319,34.0319,0.0,100.0,False
58,Chip Design,2,1,35.0083,35.0083,0.0,100.0,False
59,Quality Assurance,2,1,39.1993,39.1993,0.0,100.0,False
60,Quality Assurance,2,1,35.2836,35.2836,0.0,100.0,False
61,Process Engineering,2,2,36.8655,36.8655,0.0,100.0,False
62,Quality Assurance,2,1,41.8977,41.8977,0.0,100.0,False
63,Wafer Manufacturing,2,1,36.9312,36.9312,0.0,100.0,False
64,Process Engineering,2,1,40.2125,40.2125,0.0,100.0,False
65,Wafer Manufacturing,2,2,35.1991,35.1991,0.0,100.0,False
66,Wafer Manufacturing,2,1,37.3837,37.3837,0.0,100.0,False
67,Process Engineering,2,1,35.1499,35.1499,0.0,100.0,False
68,Wafer Manufacturing,2,1,36.9829,36.9829,0.0,100.0,False
69,Chip Design,2,1,40.5209,40.5209,0.0,100.0,False
70,Wafer Manufacturing,2,2,32.818,32.818,0.0,100.0,False
71,Process Engineering,2,2,39.3033,39.3033,0.0,100.0,False
72,Chip Design,2,1,38.7132,38.7132,0.0,100.0,False
73,Wafer Manufacturing,2,1,36.2176,36.2176,0.0,100.0,False
74,Chip Design,2,1,33.6618,33.6618,0.0,100.0,False
75,Quality Assurance,2,2,38.2164,38.2164,0.0,100.0,False
76,Wafer Manufacturing,2,1,36.4115,36.4115,0.0,100.0,False
77,Wafer Manufacturing,2,1,38.698,38.698,0.0,100.0,False
78,Chip Design,2,1,38.0656,38.0656,0.0,100.0,False
79,Quality Assurance,2,2,42.0,42.0,0.0,100.0,False
80,Quality Assurance,2,2,37.2819,37.2819,0.0,100.0,False
1,Chip Design,3,2,40.2298,40.2298,0.0,100.0,False
2,Process Engineering,3,1,39.6295,39.6295,0.0,100.0,False
3,Quality Assurance,3,2,36.0035,36.0035,0.0,100.0,False
4,Wafer Manufacturing,3,2,38.6965,38.6965,0.0,100.0,False
5,Wafer Manufacturing,3,1,38.3501,38.3501,0.0,100.0,False
6,Process Engineering,3,2,38.6561,38.6561,0.0,100.0,False
7,Chip Design,3,1,40.6143,40.6143,0.0,100.0,False
8,Quality Assurance,3,1,38.6708,38.6708,0.0,100.0,False
9,Chip Design,3,1,40.0367,40.0367,0.0,100.0,False
10,Chip Design,3,1,38.2027,38.2027,0.0,100.0,False
11,Quality Assurance,3,2,38.8674,38.8674,0.0,100.0,False
12,Process Engineering,3,1,39.8939,39.8939,0.0,100.0,False
13,Quality Assurance,3,1,33.6285,33.6285,0.0,100.0,False
14,Process Engineering,3,2,37.041,37.041,0.0,100.0,False
15,Quality Assurance,3,2,36.5889,36.5889,0.0,100.0,False
16,Process Engineering,3,1,36.0834,36.0834,0.0,100.0,False
17,Quality Assurance,3,2,37.1746,37.1746,0.0,100.0,False
18,Chip Design,3,2,42.0,42.0,0.0,100.0,False
19,Process Engineering,3,1,35.4025,35.4025,0.0,100.0,False
20,Wafer Manufacturing,3,2,40.9048,40.9048,0.0,100.0,False
21,Quality Assurance,3,1,32.9514,32.9514,0.0,100.0,False
22,Wafer Manufacturing,3,2,36.9953,36.9953,0.0,100.0,False
23,Chip Design,3,1,38.4883,38.4883,0.0,100.0,False
24,Process Engineering,3,1,39.7587,39.7587,0.0,100.0,False
25,Process Engineering,3,2,40.1337,40.1337,0.0,100.0,False
26,Quality Assurance,3,1,40.38,40.38,0.0,100.0,False
27,Wafer Manufacturing,3,1,36.9538,36.9538,0.0,100.0,False
28,Process Engineering,3,1,36.6129,36.6129,0.0,100.0,False
29,Quality Assurance,3,2,40.5739,40.5739,0.0,100.0,False
30,Wafer Manufacturing,3,2,37.4261,37.4261,0.0,100.0,False
31,Wafer Manufacturing,3,1,34.1729,34.1729,0.0,100.0,False
32,Chip Design,3,1,34.6001,34.6001,0.0,100.0,False
33,Chip Design,3,1,35.2416,35.2416,0.0,100.0,False
34,Quality Assurance,3,2,39.4915,39.4915,0.0,100.0,False
35,Process Engineering,3,1,38.4273,38.4273,0.0,100.0,False
36,Chip Design,3,1,40.0715,40.0715,0.0,100.0,False
37,Process Engineering,3,1,36.7182,36.7182,0.0,100.0,False
38,Process Engineering,3,1,38.4756,38.4756,0.0,100.0,False
39,Wafer Manufacturing,3,1,39.8768,39.8768,0.0,100.0,False
40,Quality Assurance,3,1,37.072,37.072,0.0,100.0,False
41,Chip Design,3,1,39.3703,39.3703,0.0,100.0,False
42,Process Engineering,3,1,36.0142,36.0142,0.0,100.0,False
43,Quality Assurance,3,1,36.9108,36.9108,0.0,100.0,False
44,Wafer Manufacturing,3,1,36.8548,36.8548,0.0,100.0,False
45,Chip Design,3,2,34.4125,34.4125,0.0,100.0,False
46,Process Engineering,3,1,39.4609,39.4609,0.0,100.0,False
47,Wafer Manufacturing,3,1,36.5918,36.5918,0.0,100.0,False
48,Process Engineering,3,1,38.0375,38.0375,0.0,100.0,False
49,Quality Assurance,3,2,39.4422,39.4422,0.0,100.0,False
50,Process Engineering,3,1,39.3396,39.3396,0.0,100.0,False
51,Process Engineering,3,2,39.9962,39.9962,0.0,100.0,False
52,Chip Design,3,2,37.7045,37.7045,0.0,100.0,False
53,Wafer Manufacturing,3,1,36.7301,36.7301,0.0,100.0,False
54,Wafer Manufacturing,3,2,37.7608,37.7608,0.0,100.0,False
55,Wafer Manufacturing,3,1,32.938,32.938,0.0,100.0,False
56,Chip Design,3,1,33.6587,33.6587,0.0,100.0,False
57,Quality Assurance,3,1,34.0319,34.0319,0.0,100.0,False
58,Chip Design,3,2,35.0083,35.0083,0.0,100.0,False
59,Quality Assurance,3,1,39.1993,39.1993,0.0,100.0,False
60,Quality Assurance,3,1,35.2836,35.2836,0.0,100.0,False
61,Process Engineering,3,2,36.8655,36.8655,0.0,100.0,False
62,Quality Assurance,3,1,41.8977,41.8977,0.0,100.0,False
63,Wafer Manufacturing,3,1,36.9312,36.9312,0.0,100.0,False
64,Process Engineering,3,1,40.2125,40.2125,0.0,100.0,False
65,Wafer Manufacturing,3,2,35.1991,35.1991,0.0,100.0,False
66,Wafer Manufacturing,3,1,37.3837,37.3837,0.0,100.0,False
67,Process Engineering,3,3,29.8774,29.8774,0.0,100.0,False
68,Wafer Manufacturing,3,1,36.9829,36.9829,0.0,100.0,False
69,Chip Design,3,1,40.5209,40.5209,0.0,100.0,False
70,Wafer Manufacturing,3,1,32.818,32.818,0.0,100.0,False
71,Process Engineering,3,1,39.3033,39.3033,0.0,100.0,False
72,Chip Design,3,1,38.7132,38.7132,0.0,100.0,False
73,Wafer Manufacturing,3,1,36.2176,36.2176,0.0,100.0,False
74,Chip Design,3,1,33.6618,33.6618,0.0,100.0,False
75,Quality Assurance,3,2,38.2164,38.2164,0.0,100.0,False
76,Wafer Manufacturing,3,1,36.4115,36.4115,0.0,100.0,False
77,Wafer Manufacturing,3,2,38.698,38.698,0.0,100.0,False
78,Chip Design,3,2,38.0656,38.0656,0.0,100.0,False
79,Quality Assurance,3,1,42.0,42.0,0.0,100.0,False
80,Quality Assurance,3,1,37.2819,37.2819,0.0,100.0,False
1,Chip Design,4,1,40.2298,40.2298,0.0,100.0,False
2,Process Engineering,4,2,39.6295,39.6295,0.0,100.0,False
3,Quality Assurance,4,1,36.0035,36.0035,0.0,100.0,False
4,Wafer Manufacturing,4,1,38.6965,38.6965,0.0,100.0,False
5,Wafer Manufacturing,4,2,38.3501,38.3501,0.0,100.0,False
6,Process Engineering,4,1,38.6561,38.6561,0.0,100.0,False
7,Chip Design,4,2,40.6143,40.6143,0.0,100.0,False
8,Quality Assurance,4,2,38.6708,38.6708,0.0,100.0,False
9,Chip Design,4,2,40.0367,40.0367,0.0,100.0,False
10,Chip Design,4,1,38.2027,38.2027,0.0,100.0,False
11,Quality Assurance,4,2,38.8674,38.8674,0.0,100.0,False
12,Process Engineering,4,2,39.8939,39.8939,0.0,100.0,False
13,Quality Assurance,4,1,33.6285,33.6285,0.0,100.0,False
14,Process Engineering,4,1,37.041,37.041,0.0,100.0,False
15,Quality Assurance,4,1,36.5889,36.5889,0.0,100.0,False
16,Process Engineering,4,2,36.0834,36.0834,0.0,100.0,False
17,Quality Assurance,4,1,37.1746,37.1746,0.0,100.0,False
18,Chip Design,4,1,42.0,42.0,0.0,100.0,False
19,Process Engineering,4,1,35.4025,35.4025,0.0,100.0,False
20,Wafer Manufacturing,4,2,40.9048,40.9048,0.0,100.0,False
21,Quality Assurance,4,1,32.9514,32.9514,0.0,100.0,False
22,Wafer Manufacturing,4,2,36.9953,36.9953,0.0,100.0,False
23,Chip Design,4,2,38.4883,38.4883,0.0,100.0,False
24,Process Engineering,4,1,39.7587,39.7587,0.0,100.0,False
25,Process Engineering,4,1,40.1337,40.1337,0.0,100.0,False
26,Quality Assurance,4,1,40.38,40.38,0.0,100.0,False
27,Wafer Manufacturing,4,1,36.9538,36.9538,0.0,100.0,False
28,Process Engineering,4,2,36.6129,36.6129,0.0,100.0,False
29,Quality Assurance,4,2,40.5739,40.5739,0.0,100.0,False
30,Wafer Manufacturing,4,1,37.4261,37.4261,0.0,100.0,False
31,Wafer Manufacturing,4,1,34.1729,34.1729,0.0,100.0,False
32,Chip Design,4,1,34.6001,34.6001,0.0,100.0,False
33,Chip Design,4,2,35.2416,35.2416,0.0,100.0,False
34,Quality Assurance,4,2,39.4915,39.4915,0.0,100.0,False
35,Process Engineering,4,1,38.4273,38.4273,0.0,100.0,False
36,Chip Design,4,1,40.0715,40.0715,0.0,100.0,False
37,Process Engineering,4,1,36.7182,36.7182,0.0,100.0,False
38,Process Engineering,4,1,38.4756,38.4756,0.0,100.0,False
39,Wafer Manufacturing,4,1,39.8768,39.8768,0.0,100.0,False
40,Quality Assurance,4,2,37.072,37.072,0.0,100.0,False
41,Chip Design,4,2,39.3703,39.3703,0.0,100.0,False
42,Process Engineering,4,1,36.0142,36.0142,0.0,100.0,False
43,Quality Assurance,4,1,36.9108,36.9108,0.0,100.0,False
44,Wafer Manufacturing,4,2,36.8548,36.8548,0.0,100.0,False
45,Chip Design,4,1,34.4125,34.4125,0.0,100.0,False
46,Process Engineering,4,1,39.4609,39.4609,0.0,100.0,False
47,Wafer Manufacturing,4,2,36.5918,36.5918,0.0,100.0,False
48,Process Engineering,4,1,38.0375,38.0375,0.0,100.0,False
49,Quality Assurance,4,2,39.4422,39.4422,0.0,100.0,False
50,Process Engineering,4,2,39.3396,39.3396,0.0,100.0,False
51,Process Engineering,4,2,39.9962,39.9962,0.0,100.0,False
52,Chip Design,4,1,37.7045,37.7045,0.0,100.0,False
53,Wafer Manufacturing,4,1,36.7301,36.7301,0.0,100.0,False
54,Wafer Manufacturing,4,1,37.7608,37.7608,0.0,100.0,False
55,Wafer Manufacturing,4,1,32.938,32.938,0.0,100.0,False
56,Chip Design,4,1,33.6587,33.6587,0.0,100.0,False
57,Quality Assurance,4,2,34.0319,34.0319,0.0,100.0,False
58,Chip Design,4,1,35.0083,35.0083,0.0,100.0,False
59,Quality Assurance,4,2,39.1993,39.1993,0.0,100.0,False
60,Quality Assurance,4,1,35.2836,35.2836,0.0,100.0,False
61,Process Engineering,4,1,36.8655,36.8655,0.0,100.0,False
62,Quality Assurance,4,1,41.8977,41.8977,0.0,100.0,False
63,Wafer Manufacturing,4,2,36.9312,36.9312,0.0,100.0,False
64,Process Engineering,4,1,40.2125,40.2125,0.0,100.0,False
65,Wafer Manufacturing,4,1,35.1991,35.1991,0.0,100.0,False
66,Wafer Manufacturing,4,1,37.3837,37.3837,0.0,100.0,False
67,Process Engineering,4,2,35.1499,35.1499,0.0,100.0,False
68,Wafer Manufacturing,4,1,36.9829,36.9829,0.0,100.0,False
69,Chip Design,4,1,40.5209,40.5209,0.0,100.0,False
70,Wafer Manufacturing,4,1,32.818,32.818,0.0,100.0,False
71,Process Engineering,4,1,39.3033,39.3033,0.0,100.0,False
72,Chip Design,4,2,38.7132,38.7132,0.0,100.0,False
73,Wafer Manufacturing,4,2,36.2176,36.2176,0.0,100.0,False
74,Chip Design,4,1,33.6618,33.6618,0.0,100.0,False
75,Quality Assurance,4,1,38.2164,38.2164,0.0,100.0,False
76,Wafer Manufacturing,4,1,36.4115,36.4115,0.0,100.0,False
77,Wafer Manufacturing,4,1,38.698,38.698,0.0,100.0,False
78,Chip Design,4,1,38.0656,38.0656,0.0,100.0,False
79,Quality Assurance,4,1,42.0,42.0,0.0,100.0,False
80,Quality Assurance,4,1,37.2819,37.2819,0.0,100.0,False
1,Chip Design,5,1,40.2298,40.2298,0.0,100.0,False
2,Process Engineering,5,2,39.6295,39.6295,0.0,100.0,False
3,Quality Assurance,5,1,36.0035,36.0035,0.0,100.0,False
4,Wafer Manufacturing,5,1,38.6965,38.6965,0.0,100.0,False
5,Wafer Manufacturing,5,1,38.3501,38.3501,0.0,100.0,False
6,Process Engineering,5,1,38.6561,38.6561,0.0,100.0,False
7,Chip Design,5,2,40.6143,40.6143,0.0,100.0,False
8,Quality Assurance,5,1,38.6708,38.6708,0.0,100.0,False
9,Chip Design,5,1,40.0367,40.0367,0.0,100.0,False
10,Chip Design,5,2,38.2027,38.2027,0.0,100.0,False
11,Quality Assurance,5,1,38.8674,38.8674,0.0,100.0,False
12,Process Engineering,5,1,39.8939,39.8939,0.0,100.0,False
13,Quality Assurance,5,1,33.6285,33.6285,0.0,100.0,False
14,Process Engineering,5,1,37.041,37.041,0.0,100.0,False
15,Quality Assurance,5,1,36.5889,36.5889,0.0,100.0,False
16,Process Engineering,5,1,36.0834,36.0834,0.0,100.0,False
17,Quality Assurance,5,2,37.1746,37.1746,0.0,100.0,False
18,Chip Design,5,1,42.0,42.0,0.0,100.0,False
19,Process Engineering,5,2,35.4025,35.4025,0.0,100.0,False
20,Wafer Manufacturing,5,2,40.9048,40.9048,0.0,100.0,False
21,Quality Assurance,5,1,32.9514,32.9514,0.0,100.0,False
22,Wafer Manufacturing,5,2,36.9953,36.9953,0.0,100.0,False
23,Chip Design,5,1,38.4883,38.4883,0.0,100.0,False
24,Process Engineering,5,1,39.7587,39.7587,0.0,100.0,False
25,Process Engineering,5,2,40.1337,40.1337,0.0,100.0,False
26,Quality Assurance,5,1,40.38,40.38,0.0,100.0,False
27,Wafer Manufacturing,5,1,36.9538,36.9538,0.0,100.0,False
28,Process Engineering,5,2,36.6129,36.6129,0.0,100.0,False
29,Quality Assurance,5,1,40.5739,40.5739,0.0,100.0,False
30,Wafer Manufacturing,5,1,37.4261,37.4261,0.0,100.0,False
31,Wafer Manufacturing,5,1,34.1729,34.1729,0.0,100.0,False
32,Chip Design,5,1,34.6001,34.6001,0.0,100.0,False
33,Chip Design,5,1,35.2416,35.2416,0.0,100.0,False
34,Quality Assurance,5,2,39.4915,39.4915,0.0,100.0,False
35,Process Engineering,5,1,38.4273,38.4273,0.0,100.0,False
36,Chip Design,5,2,40.0715,40.0715,0.0,100.0,False
37,Process Engineering,5,1,36.7182,36.7182,0.0,100.0,False
38,Process Engineering,5,1,38.4756,38.4756,0.0,100.0,False
39,Wafer Manufacturing,5,1,39.8768,39.8768,0.0,100.0,False
40,Quality Assurance,5,1,37.072,37.072,0.0,100.0,False
41,Chip Design,5,1,39.3703,39.3703,0.0,100.0,False
42,Process Engineering,5,1,36.0142,36.0142,0.0,100.0,False
43,Quality Assurance,5,1,36.9108,36.9108,0.0,100.0,False
44,Wafer Manufacturing,5,2,36.8548,36.8548,0.0,100.0,False
45,Chip Design,5,2,34.4125,34.4125,0.0,100.0,False
46,Process Engineering,5,1,39.4609,39.4609,0.0,100.0,False
47,Wafer Manufacturing,5,1,36.5918,36.5918,0.0,100.0,False
48,Process Engineering,5,1,38.0375,38.0375,0.0,100.0,False
49,Quality Assurance,5,2,39.4422,39.4422,0.0,100.0,False
50,Process Engineering,5,2,39.3396,39.3396,0.0,100.0,False
51,Process Engineering,5,2,39.9962,39.9962,0.0,100.0,False
52,Chip Design,5,2,37.7045,37.7045,0.0,100.0,False
53,Wafer Manufacturing,5,2,36.7301,36.7301,0.0,100.0,False
54,Wafer Manufacturing,5,2,37.7608,37.7608,0.0,100.0,False
55,Wafer Manufacturing,5,2,32.938,32.938,0.0,100.0,False
56,Chip Design,5,1,33.6587,33.6587,0.0,100.0,False
57,Quality Assurance,5,1,34.0319,34.0319,0.0,100.0,False
58,Chip Design,5,1,35.0083,35.0083,0.0,100.0,False
59,Quality Assurance,5,1,39.1993,39.1993,0.0,100.0,False
60,Quality Assurance,5,2,35.2836,35.2836,0.0,100.0,False
61,Process Engineering,5,1,36.8655,36.8655,0.0,100.0,False
62,Quality Assurance,5,2,41.8977,41.8977,0.0,100.0,False
63,Wafer Manufacturing,5,1,36.9312,36.9312,0.0,100.0,False
64,Process Engineering,5,1,40.2125,40.2125,0.0,100.0,False
65,Wafer Manufacturing,5,1,35.1991,35.1991,0.0,100.0,False
66,Wafer Manufacturing,5,1,37.3837,37.3837,0.0,100.0,False
67,Process Engineering,5,2,35.1499,35.1499,0.0,100.0,False
68,Wafer Manufacturing,5,1,36.9829,36.9829,0.0,100.0,False
69,Chip Design,5,1,40.5209,40.5209,0.0,100.0,False
70,Wafer Manufacturing,5,1,32.818,32.818,0.0,100.0,False
71,Process Engineering,5,1,39.3033,39.3033,0.0,100.0,False
72,Chip Design,5,1,38.7132,38.7132,0.0,100.0,False
73,Wafer Manufacturing,5,2,36.2176,36.2176,0.0,100.0,False
74,Chip Design,5,2,33.6618,33.6618,0.0,100.0,False
75,Quality Assurance,5,2,38.2164,38.2164,0.0,100.0,False
76,Wafer Manufacturing,5,1,36.4115,36.4115,0.0,100.0,False
77,Wafer Manufacturing,5,2,38.698,38.698,0.0,100.0,False
78,Chip Design,5,1,38.0656,38.0656,0.0,100.0,False
79,Quality Assurance,5,2,42.0,42.0,0.0,100.0,False
80,Quality Assurance,5,2,37.2819,37.2819,0.0,100.0,False
1,Chip Design,6,2,40.2298,40.2298,0.0,100.0,False
2,Process Engineering,6,1,39.6295,39.6295,0.0,100.0,False
3,Quality Assurance,6,2,36.0035,36.0035,0.0,100.0,False
4,Wafer Manufacturing,6,1,38.6965,38.6965,0.0,100.0,False
5,Wafer Manufacturing,6,1,38.3501,38.3501,0.0,100.0,False
6,Process Engineering,6,1,38.6561,38.6561,0.0,100.0,False
7,Chip Design,6,1,40.6143,40.6143,0.0,100.0,False
8,Quality Assurance,6,1,38.6708,38.6708,0.0,100.0,False
9,Chip Design,6,2,40.0367,40.0367,0.0,100.0,False
10,Chip Design,6,1,38.2027,38.2027,0.0,100.0,False
11,Quality Assurance,6,1,38.8674,38.8674,0.0,100.0,False
12,Process Engineering,6,2,39.8939,39.8939,0.0,100.0,False
13,Quality Assurance,6,2,33.6285,33.6285,0.0,100.0,False
14,Process Engineering,6,1,37.041,37.041,0.0,100.0,False
15,Quality Assurance,6,2,36.5889,36.5889,0.0,100.0,False
16,Process Engineering,6,1,36.0834,36.0834,0.0,100.0,False
17,Quality Assurance,6,1,37.1746,37.1746,0.0,100.0,False
18,Chip Design,6,1,42.0,42.0,0.0,100.0,False
19,Process Engineering,6,1,35.4025,35.4025,0.0,100.0,False
20,Wafer Manufacturing,6,2,40.9048,40.9048,0.0,100.0,False
21,Quality Assurance,6,1,32.9514,32.9514,0.0,100.0,False
22,Wafer Manufacturing,6,1,36.9953,36.9953,0.0,100.0,False
23,Chip Design,6,1,38.4883,38.4883,0.0,100.0,False
24,Process Engineering,6,1,39.7587,39.7587,0.0,100.0,False
25,Process Engineering,6,2,40.1337,40.1337,0.0,100.0,False
26,Quality Assurance,6,1,40.38,40.38,0.0,100.0,False
27,Wafer Manufacturing,6,1,36.9538,36.9538,0.0,100.0,False
28,Process Engineering,6,1,36.6129,36.6129,0.0,100.0,False
29,Quality Assurance,6,2,40.5739,40.5739,0.0,100.0,False
30,Wafer Manufacturing,6,1,37.4261,37.4261,0.0,100.0,False
31,Wafer Manufacturing,6,2,34.1729,34.1729,0.0,100.0,False
32,Chip Design,6,2,34.6001,34.6001,0.0,100.0,False
33,Chip Design,6,1,35.2416,35.2416,0.0,100.0,False
34,Quality Assurance,6,2,39.4915,39.4915,0.0,100.0,False
35,Process Engineering,6,1,38.4273,38.4273,0.0,100.0,False
36,Chip Design,6,2,40.0715,40.0715,0.0,100.0,False
37,Process Engineering,6,1,36.7182,36.7182,0.0,100.0,False
38,Process Engineering,6,1,38.4756,38.4756,0.0,100.0,False
39,Wafer Manufacturing,6,1,39.8768,39.8768,0.0,100.0,False
40,Quality Assurance,6,2,37.072,37.072,0.0,100.0,False
41,Chip Design,6,1,39.3703,39.3703,0.0,100.0,False
42,Process Engineering,6,1,36.0142,36.0142,0.0,100.0,False
43,Quality Assurance,6,1,36.9108,36.9108,0.0,100.0,False
44,Wafer Manufacturing,6,1,36.8548,36.8548,0.0,100.0,False
45,Chip Design,6,1,34.4125,34.4125,0.0,100.0,False
46,Process Engineering,6,2,39.4609,39.4609,0.0,100.0,False
47,Wafer Manufacturing,6,1,36.5918,36.5918,0.0,100.0,False
48,Process Engineering,6,2,38.0375,38.0375,0.0,100.0,False
49,Quality Assurance,6,1,39.4422,39.4422,0.0,100.0,False
50,Process Engineering,6,2,39.3396,39.3396,0.0,100.0,False
51,Process Engineering,6,1,39.9962,39.9962,0.0,100.0,False
52,Chip Design,6,1,37.7045,37.7045,0.0,100.0,False
53,Wafer Manufacturing,6,2,36.7301,36.7301,0.0,100.0,False
54,Wafer Manufacturing,6,1,37.7608,37.7608,0.0,100.0,False
55,Wafer Manufacturing,6,2,32.938,32.938,0.0,100.0,False
56,Chip Design,6,1,33.6587,33.6587,0.0,100.0,False
57,Quality Assurance,6,1,34.0319,34.0319,0.0,100.0,False
58,Chip Design,6,1,35.0083,35.0083,0.0,100.0,False
59,Quality Assurance,6,1,39.1993,39.1993,0.0,100.0,False
60,Quality Assurance,6,1,35.2836,35.2836,0.0,100.0,False
61,Process Engineering,6,1,36.8655,36.8655,0.0,100.0,False
62,Quality Assurance,6,2,41.8977,41.8977,0.0,100.0,False
63,Wafer Manufacturing,6,1,36.9312,36.9312,0.0,100.0,False
64,Process Engineering,6,2,40.2125,40.2125,0.0,100.0,False
65,Wafer Manufacturing,6,2,35.1991,35.1991,0.0,100.0,False
66,Wafer Manufacturing,6,2,37.3837,37.3837,0.0,100.0,False
67,Process Engineering,6,1,35.1499,35.1499,0.0,100.0,False
68,Wafer Manufacturing,6,1,36.9829,36.9829,0.0,100.0,False
69,Chip Design,6,2,40.5209,40.5209,0.0,100.0,False
70,Wafer Manufacturing,6,1,32.818,32.818,0.0,100.0,False
71,Process Engineering,6,2,39.3033,39.3033,0.0,100.0,False
72,Chip Design,6,1,38.7132,38.7132,0.0,100.0,False
73,Wafer Manufacturing,6,1,36.2176,36.2176,0.0,100.0,False
74,Chip Design,6,1,33.6618,33.6618,0.0,100.0,False
75,Quality Assurance,6,1,38.2164,38.2164,0.0,100.0,False
76,Wafer Manufacturing,6,1,36.4115,36.4115,0.0,100.0,False
77,Wafer Manufacturing,6,2,38.698,38.698,0.0,100.0,False
78,Chip Design,6,2,38.0656,38.0656,0.0,100.0,False
79,Quality Assurance,6,1,42.0,42.0,0.0,100.0,False
80,Quality Assurance,6,1,37.2819,37.2819,0.0,100.0,False
1,Chip Design,7,2,40.2298,40.2298,0.0,100.0,False
2,Process Engineering,7,2,39.6295,39.6295,0.0,100.0,False
3,Quality Assurance,7,2,36.0035,36.0035,0.0,100.0,False
4,Wafer Manufacturing,7,1,38.6965,38.6965,0.0,100.0,False
5,Wafer Manufacturing,7,1,38.3501,38.3501,0.0,100.0,False
6,Process Engineering,7,1,38.6561,38.6561,0.0,100.0,False
7,Chip Design,7,2,40.6143,40.6143,0.0,100.0,False
8,Quality Assurance,7,1,38.6708,38.6708,0.0,100.0,False
9,Chip Design,7,1,40.0367,40.0367,0.0,100.0,False
10,Chip Design,7,1,38.2027,38.2027,0.0,100.0,False
11,Quality Assurance,7,1,38.8674,38.8674,0.0,100.0,False
12,Process Engineering,7,2,39.8939,39.8939,0.0,100.0,False
13,Quality Assurance,7,2,33.6285,33.6285,0.0,100.0,False
14,Process Engineering,7,1,37.041,37.041,0.0,100.0,False
15,Quality Assurance,7,1,36.5889,36.5889,0.0,100.0,False
16,Process Engineering,7,1,36.0834,36.0834,0.0,100.0,False
17,Quality Assurance,7,1,37.1746,37.1746,0.0,100.0,False
18,Chip Design,7,2,42.0,42.0,0.0,100.0,False
19,Process Engineering,7,1,35.4025,35.4025,0.0,100.0,False
20,Wafer Manufacturing,7,1,40.9048,40.9048,0.0,100.0,False
21,Quality Assurance,7,1,32.9514,32.9514,0.0,100.0,False
22,Wafer Manufacturing,7,1,36.9953,36.9953,0.0,100.0,False
23,Chip Design,7,1,38.4883,38.4883,0.0,100.0,False
24,Process Engineering,7,2,39.7587,39.7587,0.0,100.0,False
25,Process Engineering,7,2,40.1337,40.1337,0.0,100.0,False
26,Quality Assurance,7,1,40.38,40.38,0.0,100.0,False
27,Wafer Manufacturing,7,2,36.9538,36.9538,0.0,100.0,False
28,Process Engineering,7,2,36.6129,36.6129,0.0,100.0,False
29,Quality Assurance,7,1,40.5739,40.5739,0.0,100.0,False
30,Wafer Manufacturing,7,2,37.4261,37.4261,0.0,100.0,False
31,Wafer Manufacturing,7,1,34.1729,34.1729,0.0,100.0,False
32,Chip Design,7,1,34.6001,34.6001,0.0,100.0,False
33,Chip Design,7,2,35.2416,35.2416,0.0,100.0,False
34,Quality Assurance,7,3,33.5678,33.5678,0.0,100.0,False
35,Process Engineering,7,2,38.4273,38.4273,0.0,100.0,False
36,Chip Design,7,1,40.0715,40.0715,0.0,100.0,False
37,Process Engineering,7,1,36.7182,36.7182,0.0,100.0,False
38,Process Engineering,7,1,38.4756,38.4756,0.0,100.0,False
39,Wafer Manufacturing,7,2,39.8768,39.8768,0.0,100.0,False
40,Quality Assurance,7,2,37.072,37.072,0.0,100.0,False
41,Chip Design,7,1,39.3703,39.3703,0.0,100.0,False
42,Process Engineering,7,2,36.0142,36.0142,0.0,100.0,False
43,Quality Assurance,7,1,36.9108,36.9108,0.0,100.0,False
44,Wafer Manufacturing,7,2,36.8548,36.8548,0.0,100.0,False
45,Chip Design,7,1,34.4125,34.4125,0.0,100.0,False
46,Process Engineering,7,1,39.4609,39.4609,0.0,100.0,False
47,Wafer Manufacturing,7,2,36.5918,36.5918,0.0,100.0,False
48,Process Engineering,7,1,38.0375,38.0375,0.0,100.0,False
49,Quality Assurance,7,1,39.4422,39.4422,0.0,100.0,False
50,Process Engineering,7,1,39.3396,39.3396,0.0,100.0,False
51,Process Engineering,7,1,39.9962,39.9962,0.0,100.0,False
52,Chip Design,7,2,37.7045,37.7045,0.0,100.0,False
53,Wafer Manufacturing,7,1,36.7301,36.7301,0.0,100.0,False
54,Wafer Manufacturing,7,1,37.7608,37.7608,0.0,100.0,False
55,Wafer Manufacturing,7,1,32.938,32.938,0.0,100.0,False
56,Chip Design,7,1,33.6587,33.6587,0.0,100.0,False
57,Quality Assurance,7,1,34.0319,34.0319,0.0,100.0,False
58,Chip Design,7,1,35.0083,35.0083,0.0,100.0,False
59,Quality Assurance,7,1,39.1993,39.1993,0.0,100.0,False
60,Quality Assurance,7,1,35.2836,35.2836,0.0,100.0,False
61,Process Engineering,7,1,36.8655,36.8655,0.0,100.0,False
62,Quality Assurance,7,1,41.8977,41.8977,0.0,100.0,False
63,Wafer Manufacturing,7,1,36.9312,36.9312,0.0,100.0,False
64,Process Engineering,7,1,40.2125,40.2125,0.0,100.0,False
65,Wafer Manufacturing,7,1,35.1991,35.1991,0.0,100.0,False
66,Wafer Manufacturing,7,1,37.3837,37.3837,0.0,100.0,False
67,Process Engineering,7,1,35.1499,35.1499,0.0,100.0,False
68,Wafer Manufacturing,7,1,36.9829,36.9829,0.0,100.0,False
69,Chip Design,7,2,40.5209,40.5209,0.0,100.0,False
70,Wafer Manufacturing,7,2,32.818,32.818,0.0,100.0,False
71,Process Engineering,7,1,39.3033,39.3033,0.0,100.0,False
72,Chip Design,7,1,38.7132,38.7132,0.0,100.0,False
73,Wafer Manufacturing,7,1,36.2176,36.2176,0.0,100.0,False
74,Chip Design,7,1,33.6618,33.6618,0.0,100.0,False
75,Quality Assurance,7,2,38.2164,38.2164,0.0,100.0,False
76,Wafer Manufacturing,7,1,36.4115,36.4115,0.0,100.0,False
77,Wafer Manufacturing,7,2,38.698,38.698,0.0,100.0,False
78,Chip Design,7,1,38.0656,38.0656,0.0,100.0,False
79,Quality Assurance,7,2,42.0,42.0,0.0,100.0,False
80,Quality Assurance,7,3,31.6896,31.6896,0.0,100.0,False
1,Chip Design,8,2,40.2298,40.2298,0.0,100.0,False
2,Process Engineering,8,2,39.6295,39.6295,0.0,100.0,False
3,Quality Assurance,8,1,36.0035,36.0035,0.0,100.0,False
4,Wafer Manufacturing,8,1,38.6965,38.6965,0.0,100.0,False
5,Wafer Manufacturing,8,1,38.3501,38.3501,0.0,100.0,False
6,Process Engineering,8,2,38.6561,38.6561,0.0,100.0,False
7,Chip Design,8,1,40.6143,40.6143,0.0,100.0,False
8,Quality Assurance,8,1,38.6708,38.6708,0.0,100.0,False
9,Chip Design,8,2,40.0367,40.0367,0.0,100.0,False
10,Chip Design,8,1,38.2027,38.2027,0.0,100.0,False
11,Quality Assurance,8,1,38.8674,38.8674,0.0,100.0,False
12,Process Engineering,8,1,39.8939,39.8939,0.0,100.0,False
13,Quality Assurance,8,2,33.6285,33.6285,0.0,100.0,False
14,Process Engineering,8,1,37.041,37.041,0.0,100.0,False
15,Quality Assurance,8,2,36.5889,36.5889,0.0,100.0,False
16,Process Engineering,8,1,36.0834,36.0834,0.0,100.0,False
17,Quality Assurance,8,1,37.1746,37.1746,0.0,100.0,False
18,Chip Design,8,1,42.0,42.0,0.0,100.0,False
19,Process Engineering,8,1,35.4025,35.4025,0.0,100.0,False
20,Wafer Manufacturing,8,2,40.9048,40.9048,0.0,100.0,False
21,Quality Assurance,8,1,32.9514,32.9514,0.0,100.0,False
22,Wafer Manufacturing,8,1,36.9953,36.9953,0.0,100.0,False
23,Chip Design,8,1,38.4883,38.4883,0.0,100.0,False
24,Process Engineering,8,2,39.7587,39.7587,0.0,100.0,False
25,Process Engineering,8,1,40.1337,40.1337,0.0,100.0,False
26,Quality Assurance,8,1,40.38,40.38,0.0,100.0,False
27,Wafer Manufacturing,8,1,36.9538,36.9538,0.0,100.0,False
28,Process Engineering,8,1,36.6129,36.6129,0.0,100.0,False
29,Quality Assurance,8,2,40.5739,40.5739,0.0,100.0,False
30,Wafer Manufacturing,8,1,37.4261,37.4261,0.0,100.0,False
31,Wafer Manufacturing,8,1,34.1729,34.1729,0.0,100.0,False
32,Chip Design,8,1,34.6001,34.6001,0.0,100.0,False
33,Chip Design,8,1,35.2416,35.2416,0.0,100.0,False
34,Quality Assurance,8,1,39.4915,39.4915,0.0,100.0,False
35,Process Engineering,8,1,38.4273,38.4273,0.0,100.0,False
36,Chip Design,8,1,40.0715,40.0715,0.0,100.0,False
37,Process Engineering,8,1,36.7182,36.7182,0.0,100.0,False
38,Process Engineering,8,1,38.4756,38.4756,0.0,100.0,False
39,Wafer Manufacturing,8,1,39.8768,39.8768,0.0,100.0,False
40,Quality Assurance,8,2,37.072,37.072,0.0,100.0,False
41,Chip Design,8,2,39.3703,39.3703,0.0,100.0,False
42,Process Engineering,8,2,36.0142,36.0142,0.0,100.0,False
43,Quality Assurance,8,2,36.9108,36.9108,0.0,100.0,False
44,Wafer Manufacturing,8,1,36.8548,36.8548,0.0,100.0,False
45,Chip Design,8,1,34.4125,34.4125,0.0,100.0,False
46,Process Engineering,8,1,39.4609,39.4609,0.0,100.0,False
47,Wafer Manufacturing,8,2,36.5918,36.5918,0.0,100.0,False
48,Process Engineering,8,2,38.0375,38.0375,0.0,100.0,False
49,Quality Assurance,8,2,39.4422,39.4422,0.0,100.0,False
50,Process Engineering,8,1,39.3396,39.3396,0.0,100.0,False
51,Process Engineering,8,1,39.9962,39.9962,0.0,100.0,False
52,Chip Design,8,2,37.7045,37.7045,0.0,100.0,False
53,Wafer Manufacturing,8,1,36.7301,36.7301,0.0,100.0,False
54,Wafer Manufacturing,8,1,37.7608,37.7608,0.0,100.0,False
55,Wafer Manufacturing,8,2,32.938,32.938,0.0,100.0,False
56,Chip Design,8,2,33.6587,33.6587,0.0,100.0,False
57,Quality Assurance,8,1,34.0319,34.0319,0.0,100.0,False
58,Chip Design,8,2,35.0083,35.0083,0.0,100.0,False
59,Quality Assurance,8,1,39.1993,39.1993,0.0,100.0,False
60,Quality Assurance,8,2,35.2836,35.2836,0.0,100.0,False
61,Process Engineering,8,2,36.8655,36.8655,0.0,100.0,False
62,Quality Assurance,8,1,41.8977,41.8977,0.0,100.0,False
63,Wafer Manufacturing,8,2,36.9312,36.9312,0.0,100.0,False
64,Process Engineering,8,1,40.2125,40.2125,0.0,100.0,False
65,Wafer Manufacturing,8,2,35.1991,35.1991,0.0,100.0,False
66,Wafer Manufacturing,8,1,37.3837,37.3837,0.0,100.0,False
67,Process Engineering,8,1,35.1499,35.1499,0.0,100.0,False
68,Wafer Manufacturing,8,1,36.9829,36.9829,0.0,100.0,False
69,Chip Design,8,1,40.5209,40.5209,0.0,100.0,False
70,Wafer Manufacturing,8,2,32.818,32.818,0.0,100.0,False
71,Process Engineering,8,2,39.3033,39.3033,0.0,100.0,False
72,Chip Design,8,1,38.7132,38.7132,0.0,100.0,False
73,Wafer Manufacturing,8,2,36.2176,36.2176,0.0,100.0,False
74,Chip Design,8,1,33.6618,33.6618,0.0,100.0,False
75,Quality Assurance,8,1,38.2164,38.2164,0.0,100.0,False
76,Wafer Manufacturing,8,2,36.4115,36.4115,0.0,100.0,False
77,Wafer Manufacturing,8,1,38.698,38.698,0.0,100.0,False
78,Chip Design,8,1,38.0656,38.0656,0.0,100.0,False
79,Quality Assurance,8,1,42.0,42.0,0.0,100.0,False
80,Quality Assurance,8,1,37.2819,37.2819,0.0,100.0,False
1,Chip Design,9,1,40.2298,40.2298,0.0,100.0,False
2,Process Engineering,9,1,39.6295,39.6295,0.0,100.0,False
3,Quality Assurance,9,1,36.0035,36.0035,0.0,100.0,False
4,Wafer Manufacturing,9,1,38.6965,38.6965,0.0,100.0,False
5,Wafer Manufacturing,9,1,38.3501,38.3501,0.0,100.0,False
6,Process Engineering,9,1,38.6561,38.6561,0.0,100.0,False
7,Chip Design,9,1,40.6143,40.6143,0.0,100.0,False
8,Quality Assurance,9,1,38.6708,38.6708,0.0,100.0,False
9,Chip Design,9,2,40.0367,40.0367,0.0,100.0,False
10,Chip Design,9,1,38.2027,38.2027,0.0,100.0,False
11,Quality Assurance,9,2,38.8674,38.8674,0.0,100.0,False
12,Process Engineering,9,2,39.8939,39.8939,0.0,100.0,False
13,Quality Assurance,9,2,33.6285,33.6285,0.0,100.0,False
14,Process Engineering,9,1,37.041,37.041,0.0,100.0,False
15,Quality Assurance,9,2,36.5889,36.5889,0.0,100.0,False
16,Process Engineering,9,2,36.0834,36.0834,0.0,100.0,False
17,Quality Assurance,9,2,37.1746,37.1746,0.0,100.0,False
18,Chip Design,9,1,42.0,42.0,0.0,100.0,False
19,Process Engineering,9,1,35.4025,35.4025,0.0,100.0,False
20,Wafer Manufacturing,9,1,40.9048,40.9048,0.0,100.0,False
21,Quality Assurance,9,1,32.9514,32.9514,0.0,100.0,False
22,Wafer Manufacturing,9,2,36.9953,36.9953,0.0,100.0,False
23,Chip Design,9,1,38.4883,38.4883,0.0,100.0,False
24,Process Engineering,9,1,39.7587,39.7587,0.0,100.0,False
25,Process Engineering,9,2,40.1337,40.1337,0.0,100.0,False
26,Quality Assurance,9,1,40.38,40.38,0.0,100.0,False
27,Wafer Manufacturing,9,1,36.9538,36.9538,0.0,100.0,False
28,Process Engineering,9,1,36.6129,36.6129,0.0,100.0,False
29,Quality Assurance,9,1,40.5739,40.5739,0.0,100.0,False
30,Wafer Manufacturing,9,1,37.4261,37.4261,0.0,100.0,False
31,Wafer Manufacturing,9,1,34.1729,34.1729,0.0,100.0,False
32,Chip Design,9,2,34.6001,34.6001,0.0,100.0,False
33,Chip Design,9,1,35.2416,35.2416,0.0,100.0,False
34,Quality Assurance,9,1,39.4915,39.4915,0.0,100.0,False
35,Process Engineering,9,2,38.4273,38.4273,0.0,100.0,False
36,Chip Design,9,1,40.0715,40.0715,0.0,100.0,False
37,Process Engineering,9,1,36.7182,36.7182,0.0,100.0,False
38,Process Engineering,9,1,38.4756,38.4756,0.0,100.0,False
39,Wafer Manufacturing,9,1,39.8768,39.8768,0.0,100.0,False
40,Quality Assurance,9,1,37.072,37.072,0.0,100.0,False
41,Chip Design,9,2,39.3703,39.3703,0.0,100.0,False
42,Process Engineering,9,1,36.0142,36.0142,0.0,100.0,False
43,Quality Assurance,9,1,36.9108,36.9108,0.0,100.0,False
44,Wafer Manufacturing,9,2,36.8548,36.8548,0.0,100.0,False
45,Chip Design,9,2,34.4125,34.4125,0.0,100.0,False
46,Process Engineering,9,1,39.4609,39.4609,0.0,100.0,False
47,Wafer Manufacturing,9,2,36.5918,36.5918,0.0,100.0,False
48,Process Engineering,9,2,38.0375,38.0375,0.0,100.0,False
49,Quality Assurance,9,2,39.4422,39.4422,0.0,100.0,False
50,Process Engineering,9,2,39.3396,39.3396,0.0,100.0,False
51,Process Engineering,9,2,39.9962,39.9962,0.0,100.0,False
52,Chip Design,9,1,37.7045,37.7045,0.0,100.0,False
53,Wafer Manufacturing,9,2,36.7301,36.7301,0.0,100.0,False
54,Wafer Manufacturing,9,2,37.7608,37.7608,0.0,100.0,False
55,Wafer Manufacturing,9,2,32.938,32.938,0.0,100.0,False
56,Chip Design,9,1,33.6587,33.6587,0.0,100.0,False
57,Quality Assurance,9,1,34.0319,34.0319,0.0,100.0,False
58,Chip Design,9,1,35.0083,35.0083,0.0,100.0,False
59,Quality Assurance,9,1,39.1993,39.1993,0.0,100.0,False
60,Quality Assurance,9,1,35.2836,35.2836,0.0,100.0,False
61,Process Engineering,9,1,36.8655,36.8655,0.0,100.0,False
62,Quality Assurance,9,1,41.8977,41.8977,0.0,100.0,False
63,Wafer Manufacturing,9,1,36.9312,36.9312,0.0,100.0,False
64,Process Engineering,9,1,40.2125,40.2125,0.0,100.0,False
65,Wafer Manufacturing,9,1,35.1991,35.1991,0.0,100.0,False
66,Wafer Manufacturing,9,2,37.3837,37.3837,0.0,100.0,False
67,Process Engineering,9,1,35.1499,35.1499,0.0,100.0,False
68,Wafer Manufacturing,9,1,36.9829,36.9829,0.0,100.0,False
69,Chip Design,9,2,40.5209,40.5209,0.0,100.0,False
70,Wafer Manufacturing,9,1,32.818,32.818,0.0,100.0,False
71,Process Engineering,9,1,39.3033,39.3033,0.0,100.0,False
72,Chip Design,9,1,38.7132,38.7132,0.0,100.0,False
73,Wafer Manufacturing,9,1,36.2176,36.2176,0.0,100.0,False
74,Chip Design,9,1,33.6618,33.6618,0.0,100.0,False
75,Quality Assurance,9,2,38.2164,38.2164,0.0,100.0,False
76,Wafer Manufacturing,9,1,36.4115,36.4115,0.0,100.0,False
77,Wafer Manufacturing,9,1,38.698,38.698,0.0,100.0,False
78,Chip Design,9,2,38.0656,38.0656,0.0,100.0,False
79,Quality Assurance,9,2,42.0,42.0,0.0,100.0,False
80,Quality Assurance,9,1,37.2819,37.2819,0.0,100.0,False
1,Chip Design,10,1,40.2298,40.2298,0.0,100.0,False
2,Process Engineering,10,1,39.6295,39.6295,0.0,100.0,False
3,Quality Assurance,10,2,36.0035,36.0035,0.0,100.0,False
4,Wafer Manufacturing,10,1,38.6965,38.6965,0.0,100.0,False
5,Wafer Manufacturing,10,2,38.3501,38.3501,0.0,100.0,False
6,Process Engineering,10,2,38.6561,38.6561,0.0,100.0,False
7,Chip Design,10,1,40.6143,40.6143,0.0,100.0,False
8,Quality Assurance,10,1,38.6708,38.6708,0.0,100.0,False
9,Chip Design,10,2,40.0367,40.0367,0.0,100.0,False
10,Chip Design,10,1,38.2027,38.2027,0.0,100.0,False
11,Quality Assurance,10,1,38.8674,38.8674,0.0,100.0,False
12,Process Engineering,10,1,39.8939,39.8939,0.0,100.0,False
13,Quality Assurance,10,1,33.6285,33.6285,0.0,100.0,False
14,Process Engineering,10,2,37.041,37.041,0.0,100.0,False
15,Quality Assurance,10,1,36.5889,36.5889,0.0,100.0,False
16,Process Engineering,10,1,36.0834,36.0834,0.0,100.0,False
17,Quality Assurance,10,2,37.1746,37.1746,0.0,100.0,False
18,Chip Design,10,2,42.0,42.0,0.0,100.0,False
19,Process Engineering,10,1,35.4025,35.4025,0.0,100.0,False
20,Wafer Manufacturing,10,1,40.9048,40.9048,0.0,100.0,False
21,Quality Assurance,10,2,32.9514,32.9514,0.0,100.0,False
22,Wafer Manufacturing,10,1,36.9953,36.9953,0.0,100.0,False
23,Chip Design,10,1,38.4883,38.4883,0.0,100.0,False
24,Process Engineering,10,2,39.7587,39.7587,0.0,100.0,False
25,Process Engineering,10,1,40.1337,40.1337,0.0,100.0,False
26,Quality Assurance,10,2,40.38,40.38,0.0,100.0,False
27,Wafer Manufacturing,10,1,36.9538,36.9538,0.0,100.0,False
28,Process Engineering,10,1,36.6129,36.6129,0.0,100.0,False
29,Quality Assurance,10,2,40.5739,40.5739,0.0,100.0,False
30,Wafer Manufacturing,10,1,37.4261,37.4261,0.0,100.0,False
31,Wafer Manufacturing,10,1,34.1729,34.1729,0.0,100.0,False
32,Chip Design,10,1,34.6001,34.6001,0.0,100.0,False
33,Chip Design,10,2,35.2416,35.2416,0.0,100.0,False
34,Quality Assurance,10,2,39.4915,39.4915,0.0,100.0,False
35,Process Engineering,10,2,38.4273,38.4273,0.0,100.0,False
36,Chip Design,10,1,40.0715,40.0715,0.0,100.0,False
37,Process Engineering,10,1,36.7182,36.7182,0.0,100.0,False
38,Process Engineering,10,2,38.4756,38.4756,0.0,100.0,False
39,Wafer Manufacturing,10,2,39.8768,39.8768,0.0,100.0,False
40,Quality Assurance,10,1,37.072,37.072,0.0,100.0,False
41,Chip Design,10,2,39.3703,39.3703,0.0,100.0,False
42,Process Engineering,10,1,36.0142,36.0142,0.0,100.0,False
43,Quality Assurance,10,1,36.9108,36.9108,0.0,100.0,False
44,Wafer Manufacturing,10,1,36.8548,36.8548,0.0,100.0,False
45,Chip Design,10,1,34.4125,34.4125,0.0,100.0,False
46,Process Engineering,10,1,39.4609,39.4609,0.0,100.0,False
47,Wafer Manufacturing,10,1,36.5918,36.5918,0.0,100.0,False
48,Process Engineering,10,1,38.0375,38.0375,0.0,100.0,False
49,Quality Assurance,10,1,39.4422,39.4422,0.0,100.0,False
50,Process Engineering,10,1,39.3396,39.3396,0.0,100.0,False
51,Process Engineering,10,1,39.9962,39.9962,0.0,100.0,False
52,Chip Design,10,1,37.7045,37.7045,0.0,100.0,False
53,Wafer Manufacturing,10,1,36.7301,36.7301,0.0,100.0,False
54,Wafer Manufacturing,10,2,37.7608,37.7608,0.0,100.0,False
55,Wafer Manufacturing,10,2,32.938,32.938,0.0,100.0,False
56,Chip Design,10,1,33.6587,33.6587,0.0,100.0,False
57,Quality Assurance,10,2,34.0319,34.0319,0.0,100.0,False
58,Chip Design,10,2,35.0083,35.0083,0.0,100.0,False
59,Quality Assurance,10,1,39.1993,39.1993,0.0,100.0,False
60,Quality Assurance,10,1,35.2836,35.2836,0.0,100.0,False
61,Process Engineering,10,2,36.8655,36.8655,0.0,100.0,False
62,Quality Assurance,10,1,41.8977,41.8977,0.0,100.0,False
63,Wafer Manufacturing,10,1,36.9312,36.9312,0.0,100.0,False
64,Process Engineering,10,1,40.2125,40.2125,0.0,100.0,False
65,Wafer Manufacturing,10,1,35.1991,35.1991,0.0,100.0,False
66,Wafer Manufacturing,10,2,37.3837,37.3837,0.0,100.0,False
67,Process Engineering,10,1,35.1499,35.1499,0.0,100.0,False
68,Wafer Manufacturing,10,1,36.9829,36.9829,0.0,100.0,False
69,Chip Design,10,1,40.5209,40.5209,0.0,100.0,False
70,Wafer Manufacturing,10,1,32.818,32.818,0.0,100.0,False
71,Process Engineering,10,2,39.3033,39.3033,0.0,100.0,False
72,Chip Design,10,1,38.7132,38.7132,0.0,100.0,False
73,Wafer Manufacturing,10,2,36.2176,36.2176,0.0,100.0,False
74,Chip Design,10,1,33.6618,33.6618,0.0,100.0,False
75,Quality Assurance,10,1,38.2164,38.2164,0.0,100.0,False
76,Wafer Manufacturing,10,1,36.4115,36.4115,0.0,100.0,False
77,Wafer Manufacturing,10,2,38.698,38.698,0.0,100.0,False
78,Chip Design,10,2,38.0656,38.0656,0.0,100.0,False
79,Quality Assurance,10,1,42.0,42.0,0.0,100.0,False
80,Quality Assurance,10,1,37.2819,37.2819,0.0,100.0,False
1,Chip Design,11,2,40.2298,40.2298,0.0,100.0,False
2,Process Engineering,11,1,39.6295,39.6295,0.0,100.0,False
3,Quality Assurance,11,2,36.0035,36.0035,0.0,100.0,False
4,Wafer Manufacturing,11,1,38.6965,38.6965,0.0,100.0,False
5,Wafer Manufacturing,11,1,38.3501,38.3501,0.0,100.0,False
6,Process Engineering,11,2,38.6561,38.6561,0.0,100.0,False
7,Chip Design,11,2,40.6143,40.6143,0.0,100.0,False
8,Quality Assurance,11,1,38.6708,38.6708,0.0,100.0,False
9,Chip Design,11,1,40.0367,40.0367,0.0,100.0,False
10,Chip Design,11,1,38.2027,38.2027,0.0,100.0,False
11,Quality Assurance,11,1,38.8674,38.8674,0.0,100.0,False
12,Process Engineering,11,2,39.8939,39.8939,0.0,100.0,False
13,Quality Assurance,11,1,33.6285,33.6285,0.0,100.0,False
14,Process Engineering,11,1,37.041,37.041,0.0,100.0,False
15,Quality Assurance,11,1,36.5889,36.5889,0.0,100.0,False
16,Process Engineering,11,1,36.0834,36.0834,0.0,100.0,False
17,Quality Assurance,11,1,37.1746,37.1746,0.0,100.0,False
18,Chip Design,11,1,42.0,42.0,0.0,100.0,False
19,Process Engineering,11,2,35.4025,35.4025,0.0,100.0,False
20,Wafer Manufacturing,11,1,40.9048,40.9048,0.0,100.0,False
21,Quality Assurance,11,2,32.9514,32.9514,0.0,100.0,False
22,Wafer Manufacturing,11,1,36.9953,36.9953,0.0,100.0,False
23,Chip Design,11,1,38.4883,38.4883,0.0,100.0,False
24,Process Engineering,11,1,39.7587,39.7587,0.0,100.0,False
25,Process Engineering,11,2,40.1337,40.1337,0.0,100.0,False
26,Quality Assurance,11,1,40.38,40.38,0.0,100.0,False
27,Wafer Manufacturing,11,1,36.9538,36.9538,0.0,100.0,False
28,Process Engineering,11,1,36.6129,36.6129,0.0,100.0,False
29,Quality Assurance,11,2,40.5739,40.5739,0.0,100.0,False
30,Wafer Manufacturing,11,1,37.4261,37.4261,0.0,100.0,False
31,Wafer Manufacturing,11,1,34.1729,34.1729,0.0,100.0,False
32,Chip Design,11,2,34.6001,34.6001,0.0,100.0,False
33,Chip Design,11,1,35.2416,35.2416,0.0,100.0,False
34,Quality Assurance,11,1,39.4915,39.4915,0.0,100.0,False
35,Process Engineering,11,2,38.4273,38.4273,0.0,100.0,False
36,Chip Design,11,1,40.0715,40.0715,0.0,100.0,False
37,Process Engineering,11,1,36.7182,36.7182,0.0,100.0,False
38,Process Engineering,11,2,38.4756,38.4756,0.0,100.0,False
39,Wafer Manufacturing,11,1,39.8768,39.8768,0.0,100.0,False
40,Quality Assurance,11,1,37.072,37.072,0.0,100.0,False
41,Chip Design,11,1,39.3703,39.3703,0.0,100.0,False
42,Process Engineering,11,1,36.0142,36.0142,0.0,100.0,False
43,Quality Assurance,11,1,36.9108,36.9108,0.0,100.0,False
44,Wafer Manufacturing,11,1,36.8548,36.8548,0.0,100.0,False
45,Chip Design,11,1,34.4125,34.4125,0.0,100.0,False
46,Process Engineering,11,1,39.4609,39.4609,0.0,100.0,False
47,Wafer Manufacturing,11,1,36.5918,36.5918,0.0,100.0,False
48,Process Engineering,11,1,38.0375,38.0375,0.0,100.0,False
49,Quality Assurance,11,2,39.4422,39.4422,0.0,100.0,False
50,Process Engineering,11,1,39.3396,39.3396,0.0,100.0,False
51,Process Engineering,11,1,39.9962,39.9962,0.0,100.0,False
52,Chip Design,11,1,37.7045,37.7045,0.0,100.0,False
53,Wafer Manufacturing,11,2,36.7301,36.7301,0.0,100.0,False
54,Wafer Manufacturing,11,2,37.7608,37.7608,0.0,100.0,False
55,Wafer Manufacturing,11,2,32.938,32.938,0.0,100.0,False
56,Chip Design,11,1,33.6587,33.6587,0.0,100.0,False
57,Quality Assurance,11,2,34.0319,34.0319,0.0,100.0,False
58,Chip Design,11,2,35.0083,35.0083,0.0,100.0,False
59,Quality Assurance,11,1,39.1993,39.1993,0.0,100.0,False
60,Quality Assurance,11,3,29.991,29.991,0.0,100.0,False
61,Process Engineering,11,1,36.8655,36.8655,0.0,100.0,False
62,Quality Assurance,11,1,41.8977,41.8977,0.0,100.0,False
63,Wafer Manufacturing,11,1,36.9312,36.9312,0.0,100.0,False
64,Process Engineering,11,1,40.2125,40.2125,0.0,100.0,False
65,Wafer Manufacturing,11,1,35.1991,35.1991,0.0,100.0,False
66,Wafer Manufacturing,11,1,37.3837,37.3837,0.0,100.0,False
67,Process Engineering,11,1,35.1499,35.1499,0.0,100.0,False
68,Wafer Manufacturing,11,2,36.9829,36.9829,0.0,100.0,False
69,Chip Design,11,1,40.5209,40.5209,0.0,100.0,False
70,Wafer Manufacturing,11,1,32.818,32.818,0.0,100.0,False
71,Process Engineering,11,2,39.3033,39.3033,0.0,100.0,False
72,Chip Design,11,2,38.7132,38.7132,0.0,100.0,False
73,Wafer Manufacturing,11,2,36.2176,36.2176,0.0,100.0,False
74,Chip Design,11,2,33.6618,33.6618,0.0,100.0,False
75,Quality Assurance,11,1,38.2164,38.2164,0.0,100.0,False
76,Wafer Manufacturing,11,2,36.4115,36.4115,0.0,100.0,False
77,Wafer Manufacturing,11,2,38.698,38.698,0.0,100.0,False
78,Chip Design,11,1,38.0656,38.0656,0.0,100.0,False
79,Quality Assurance,11,2,42.0,42.0,0.0,100.0,False
80,Quality Assurance,11,1,37.2819,37.2819,0.0,100.0,False
1,Chip Design,12,1,40.2298,40.2298,0.0,100.0,False
2,Process Engineering,12,2,39.6295,39.6295,0.0,100.0,False
3,Quality Assurance,12,2,36.0035,36.0035,0.0,100.0,False
4,Wafer Manufacturing,12,2,38.6965,38.6965,0.0,100.0,False
5,Wafer Manufacturing,12,2,38.3501,38.3501,0.0,100.0,False
6,Process Engineering,12,1,38.6561,38.6561,0.0,100.0,False
7,Chip Design,12,2,40.6143,40.6143,0.0,100.0,False
8,Quality Assurance,12,1,38.6708,38.6708,0.0,100.0,False
9,Chip Design,12,1,40.0367,40.0367,0.0,100.0,False
10,Chip Design,12,1,38.2027,38.2027,0.0,100.0,False
11,Quality Assurance,12,1,38.8674,38.8674,0.0,100.0,False
12,Process Engineering,12,1,39.8939,39.8939,0.0,100.0,False
13,Quality Assurance,12,2,33.6285,33.6285,0.0,100.0,False
14,Process Engineering,12,1,37.041,37.041,0.0,100.0,False
15,Quality Assurance,12,1,36.5889,36.5889,0.0,100.0,False
16,Process Engineering,12,1,36.0834,36.0834,0.0,100.0,False
17,Quality Assurance,12,1,37.1746,37.1746,0.0,100.0,False
18,Chip Design,12,2,42.0,42.0,0.0,100.0,False
19,Process Engineering,12,1,35.4025,35.4025,0.0,100.0,False
20,Wafer Manufacturing,12,1,40.9048,40.9048,0.0,100.0,False
21,Quality Assurance,12,1,32.9514,32.9514,0.0,100.0,False
22,Wafer Manufacturing,12,1,36.9953,36.9953,0.0,100.0,False
23,Chip Design,12,2,38.4883,38.4883,0.0,100.0,False
24,Process Engineering,12,2,39.7587,39.7587,0.0,100.0,False
25,Process Engineering,12,1,40.1337,40.1337,0.0,100.0,False
26,Quality Assurance,12,1,40.38,40.38,0.0,100.0,False
27,Wafer Manufacturing,12,2,36.9538,36.9538,0.0,100.0,False
28,Process Engineering,12,2,36.6129,36.6129,0.0,100.0,False
29,Quality Assurance,12,2,40.5739,40.5739,0.0,100.0,False
30,Wafer Manufacturing,12,1,37.4261,37.4261,0.0,100.0,False
31,Wafer Manufacturing,12,1,34.1729,34.1729,0.0,100.0,False
32,Chip Design,12,1,34.6001,34.6001,0.0,100.0,False
33,Chip Design,12,1,35.2416,35.2416,0.0,100.0,False
34,Quality Assurance,12,2,39.4915,39.4915,0.0,100.0,False
35,Process Engineering,12,2,38.4273,38.4273,0.0,100.0,False
36,Chip Design,12,2,40.0715,40.0715,0.0,100.0,False
37,Process Engineering,12,2,36.7182,36.7182,0.0,100.0,False
38,Process Engineering,12,1,38.4756,38.4756,0.0,100.0,False
39,Wafer Manufacturing,12,2,39.8768,39.8768,0.0,100.0,False
40,Quality Assurance,12,2,37.072,37.072,0.0,100.0,False
41,Chip Design,12,1,39.3703,39.3703,0.0,100.0,False
42,Process Engineering,12,3,30.6121,30.6121,0.0,100.0,False
43,Quality Assurance,12,1,36.9108,36.9108,0.0,100.0,False
44,Wafer Manufacturing,12,2,36.8548,36.8548,0.0,100.0,False
45,Chip Design,12,1,34.4125,34.4125,0.0,100.0,False
46,Process Engineering,12,1,39.4609,39.4609,0.0,100.0,False
47,Wafer Manufacturing,12,1,36.5918,36.5918,0.0,100.0,False
48,Process Engineering,12,2,38.0375,38.0375,0.0,100.0,False
49,Quality Assurance,12,1,39.4422,39.4422,0.0,100.0,False
50,Process Engineering,12,1,39.3396,39.3396,0.0,100.0,False
51,Process Engineering,12,1,39.9962,39.9962,0.0,100.0,False
52,Chip Design,12,1,37.7045,37.7045,0.0,100.0,False
53,Wafer Manufacturing,12,1,36.7301,36.7301,0.0,100.0,False
54,Wafer Manufacturing,12,2,37.7608,37.7608,0.0,100.0,False
55,Wafer Manufacturing,12,2,32.938,32.938,0.0,100.0,False
56,Chip Design,12,1,33.6587,33.6587,0.0,100.0,False
57,Quality Assurance,12,2,34.0319,34.0319,0.0,100.0,False
58,Chip Design,12,2,35.0083,35.0083,0.0,100.0,False
59,Quality Assurance,12,1,39.1993,39.1993,0.0,100.0,False
60,Quality Assurance,12,2,35.2836,35.2836,0.0,100.0,False
61,Process Engineering,12,1,36.8655,36.8655,0.0,100.0,False
62,Quality Assurance,12,1,41.8977,41.8977,0.0,100.0,False
63,Wafer Manufacturing,12,1,36.9312,36.9312,0.0,100.0,False
64,Process Engineering,12,1,40.2125,40.2125,0.0,100.0,False
65,Wafer Manufacturing,12,1,35.1991,35.1991,0.0,100.0,False
66,Wafer Manufacturing,12,1,37.3837,37.3837,0.0,100.0,False
67,Process Engineering,12,1,35.1499,35.1499,0.0,100.0,False
68,Wafer Manufacturing,12,1,36.9829,36.9829,0.0,100.0,False
69,Chip Design,12,2,40.5209,40.5209,0.0,100.0,False
70,Wafer Manufacturing,12,1,32.818,32.818,0.0,100.0,False
71,Process Engineering,12,1,39.3033,39.3033,0.0,100.0,False
72,Chip Design,12,1,38.7132,38.7132,0.0,100.0,False
73,Wafer Manufacturing,12,1,36.2176,36.2176,0.0,100.0,False
74,Chip Design,12,1,33.6618,33.6618,0.0,100.0,False
75,Quality Assurance,12,1,38.2164,38.2164,0.0,100.0,False
76,Wafer Manufacturing,12,1,36.4115,36.4115,0.0,100.0,False
77,Wafer Manufacturing,12,1,38.698,38.698,0.0,100.0,False
78,Chip Design,12,1,38.0656,38.0656,0.0,100.0,False
79,Quality Assurance,12,1,42.0,42.0,0.0,100.0,False
80,Quality Assurance,12,1,37.2819,37.2819,0.0,100.0,False
1,Chip Design,13,2,40.2298,40.2298,0.0,100.0,False
2,Process Engineering,13,1,39.6295,39.6295,0.0,100.0,False
3,Quality Assurance,13,1,36.0035,36.0035,0.0,100.0,False
4,Wafer Manufacturing,13,1,38.6965,38.6965,0.0,100.0,False
5,Wafer Manufacturing,13,1,38.3501,38.3501,0.0,100.0,False
6,Process Engineering,13,1,38.6561,38.6561,0.0,100.0,False
7,Chip Design,13,1,40.6143,40.6143,0.0,100.0,False
8,Quality Assurance,13,1,38.6708,38.6708,0.0,100.0,False
9,Chip Design,13,1,40.0367,40.0367,0.0,100.0,False
10,Chip Design,13,1,38.2027,38.2027,0.0,100.0,False
11,Quality Assurance,13,1,38.8674,38.8674,0.0,100.0,False
12,Process Engineering,13,2,39.8939,39.8939,0.0,100.0,False
13,Quality Assurance,13,2,33.6285,33.6285,0.0,100.0,False
14,Process Engineering,13,1,37.041,37.041,0.0,100.0,False
15,Quality Assurance,13,1,36.5889,36.5889,0.0,100.0,False
16,Process Engineering,13,2,36.0834,36.0834,0.0,100.0,False
17,Quality Assurance,13,2,37.1746,37.1746,0.0,100.0,False
18,Chip Design,13,1,42.0,42.0,0.0,100.0,False
19,Process Engineering,13,1,35.4025,35.4025,0.0,100.0,False
20,Wafer Manufacturing,13,1,40.9048,40.9048,0.0,100.0,False
21,Quality Assurance,13,1,32.9514,32.9514,0.0,100.0,False
22,Wafer Manufacturing,13,1,36.9953,36.9953,0.0,100.0,False
23,Chip Design,13,1,38.4883,38.4883,0.0,100.0,False
24,Process Engineering,13,1,39.7587,39.7587,0.0,100.0,False
25,Process Engineering,13,1,40.1337,40.1337,0.0,100.0,False
26,Quality Assurance,13,1,40.38,40.38,0.0,100.0,False
27,Wafer Manufacturing,13,2,36.9538,36.9538,0.0,100.0,False
28,Process Engineering,13,1,36.6129,36.6129,0.0,100.0,False
29,Quality Assurance,13,2,40.5739,40.5739,0.0,100.0,False
30,Wafer Manufacturing,13,1,37.4261,37.4261,0.0,100.0,False
31,Wafer Manufacturing,13,2,34.1729,34.1729,0.0,100.0,False
32,Chip Design,13,1,34.6001,34.6001,0.0,100.0,False
33,Chip Design,13,2,35.2416,35.2416,0.0,100.0,False
34,Quality Assurance,13,1,39.4915,39.4915,0.0,100.0,False
35,Process Engineering,13,1,38.4273,38.4273,0.0,100.0,False
36,Chip Design,13,2,40.0715,40.0715,0.0,100.0,False
37,Process Engineering,13,1,36.7182,36.7182,0.0,100.0,False
38,Process Engineering,13,1,38.4756,38.4756,0.0,100.0,False
39,Wafer Manufacturing,13,1,39.8768,39.8768,0.0,100.0,False
40,Quality Assurance,13,1,37.072,37.072,0.0,100.0,False
41,Chip Design,13,2,39.3703,39.3703,0.0,100.0,False
42,Process Engineering,13,1,36.0142,36.0142,0.0,100.0,False
43,Quality Assurance,13,1,36.9108,36.9108,0.0,100.0,False
44,Wafer Manufacturing,13,2,36.8548,36.8548,0.0,100.0,False
45,Chip Design,13,1,34.4125,34.4125,0.0,100.0,False
46,Process Engineering,13,1,39.4609,39.4609,0.0,100.0,False
47,Wafer Manufacturing,13,1,36.5918,36.5918,0.0,100.0,False
48,Process Engineering,13,2,38.0375,38.0375,0.0,100.0,False
49,Quality Assurance,13,1,39.4422,39.4422,0.0,100.0,False
50,Process Engineering,13,2,39.3396,39.3396,0.0,100.0,False
51,Process Engineering,13,1,39.9962,39.9962,0.0,100.0,False
52,Chip Design,13,1,37.7045,37.7045,0.0,100.0,False
53,Wafer Manufacturing,13,1,36.7301,36.7301,0.0,100.0,False
54,Wafer Manufacturing,13,1,37.7608,37.7608,0.0,100.0,False
55,Wafer Manufacturing,13,1,32.938,32.938,0.0,100.0,False
56,Chip Design,13,1,33.6587,33.6587,0.0,100.0,False
57,Quality Assurance,13,2,31.8256,34.0319,2.2063,93.52,False
58,Chip Design,13,1,35.0083,35.0083,0.0,100.0,False
59,Quality Assurance,13,2,39.1993,39.1993,0.0,100.0,False
60,Quality Assurance,13,1,35.2836,35.2836,0.0,100.0,False
61,Process Engineering,13,1,36.8655,36.8655,0.0,100.0,False
62,Quality Assurance,13,1,41.8977,41.8977,0.0,100.0,False
63,Wafer Manufacturing,13,1,36.9312,36.9312,0.0,100.0,False
64,Process Engineering,13,1,40.2125,40.2125,0.0,100.0,False
65,Wafer Manufacturing,13,2,35.1991,35.1991,0.0,100.0,False
66,Wafer Manufacturing,13,1,37.3837,37.3837,0.0,100.0,False
67,Process Engineering,13,1,35.1499,35.1499,0.0,100.0,False
68,Wafer Manufacturing,13,2,36.9829,36.9829,0.0,100.0,False
69,Chip Design,13,2,40.5209,40.5209,0.0,100.0,False
70,Wafer Manufacturing,13,2,32.818,32.818,0.0,100.0,False
71,Process Engineering,13,2,39.3033,39.3033,0.0,100.0,False
72,Chip Design,13,1,38.7132,38.7132,0.0,100.0,False
73,Wafer Manufacturing,13,1,36.2176,36.2176,0.0,100.0,False
74,Chip Design,13,1,33.6618,33.6618,0.0,100.0,False
75,Quality Assurance,13,1,38.2164,38.2164,0.0,100.0,False
76,Wafer Manufacturing,13,1,36.4115,36.4115,0.0,100.0,False
77,Wafer Manufacturing,13,1,38.698,38.698,0.0,100.0,False
78,Chip Design,13,2,38.0656,38.0656,0.0,100.0,False
79,Quality Assurance,13,2,42.0,42.0,0.0,100.0,False
80,Quality Assurance,13,2,37.2819,37.2819,0.0,100.0,False
1,Chip Design,14,2,40.2298,40.2298,0.0,100.0,False
2,Process Engineering,14,1,39.6295,39.6295,0.0,100.0,False
3,Quality Assurance,14,2,36.0035,36.0035,0.0,100.0,False
4,Wafer Manufacturing,14,1,38.6965,38.6965,0.0,100.0,False
5,Wafer Manufacturing,14,1,38.3501,38.3501,0.0,100.0,False
6,Process Engineering,14,1,38.6561,38.6561,0.0,100.0,False
7,Chip Design,14,1,40.6143,40.6143,0.0,100.0,False
8,Quality Assurance,14,1,38.6708,38.6708,0.0,100.0,False
9,Chip Design,14,1,40.0367,40.0367,0.0,100.0,False
10,Chip Design,14,2,38.2027,38.2027,0.0,100.0,False
11,Quality Assurance,14,2,38.8674,38.8674,0.0,100.0,False
12,Process Engineering,14,1,39.8939,39.8939,0.0,100.0,False
13,Quality Assurance,14,1,33.6285,33.6285,0.0,100.0,False
14,Process Engineering,14,2,37.041,37.041,0.0,100.0,False
15,Quality Assurance,14,2,32.3795,36.5889,4.2094,88.5,False
16,Process Engineering,14,1,36.0834,36.0834,0.0,100.0,False
17,Quality Assurance,14,1,37.1746,37.1746,0.0,100.0,False
18,Chip Design,14,2,42.0,42.0,0.0,100.0,False
19,Process Engineering,14,1,35.4025,35.4025,0.0,100.0,False
20,Wafer Manufacturing,14,1,40.9048,40.9048,0.0,100.0,False
21,Quality Assurance,14,1,32.9514,32.9514,0.0,100.0,False
22,Wafer Manufacturing,14,1,36.9953,36.9953,0.0,100.0,False
23,Chip Design,14,2,38.4883,38.4883,0.0,100.0,False
24,Process Engineering,14,1,39.7587,39.7587,0.0,100.0,False
25,Process Engineering,14,2,40.1337,40.1337,0.0,100.0,False
26,Quality Assurance,14,1,40.38,40.38,0.0,100.0,False
27,Wafer Manufacturing,14,1,36.9538,36.9538,0.0,100.0,False
28,Process Engineering,14,1,36.6129,36.6129,0.0,100.0,False
29,Quality Assurance,14,1,40.5739,40.5739,0.0,100.0,False
30,Wafer Manufacturing,14,2,37.4261,37.4261,0.0,100.0,False
31,Wafer Manufacturing,14,1,34.1729,34.1729,0.0,100.0,False
32,Chip Design,14,1,34.6001,34.6001,0.0,100.0,False
33,Chip Design,14,1,35.2416,35.2416,0.0,100.0,False
34,Quality Assurance,14,2,39.4915,39.4915,0.0,100.0,False
35,Process Engineering,14,1,38.4273,38.4273,0.0,100.0,False
36,Chip Design,14,1,40.0715,40.0715,0.0,100.0,False
37,Process Engineering,14,1,36.7182,36.7182,0.0,100.0,False
38,Process Engineering,14,1,38.4756,38.4756,0.0,100.0,False
39,Wafer Manufacturing,14,1,39.8768,39.8768,0.0,100.0,False
40,Quality Assurance,14,2,37.072,37.072,0.0,100.0,False
41,Chip Design,14,1,39.3703,39.3703,0.0,100.0,False
42,Process Engineering,14,1,36.0142,36.0142,0.0,100.0,False
43,Quality Assurance,14,1,36.9108,36.9108,0.0,100.0,False
44,Wafer Manufacturing,14,1,36.8548,36.8548,0.0,100.0,False
45,Chip Design,14,1,34.4125,34.4125,0.0,100.0,False
46,Process Engineering,14,3,33.5418,33.5418,0.0,100.0,False
47,Wafer Manufacturing,14,1,36.5918,36.5918,0.0,100.0,False
48,Process Engineering,14,1,38.0375,38.0375,0.0,100.0,False
49,Quality Assurance,14,1,39.4422,39.4422,0.0,100.0,False
50,Process Engineering,14,1,39.3396,39.3396,0.0,100.0,False
51,Process Engineering,14,2,39.9962,39.9962,0.0,100.0,False
52,Chip Design,14,1,37.7045,37.7045,0.0,100.0,False
53,Wafer Manufacturing,14,2,36.7301,36.7301,0.0,100.0,False
54,Wafer Manufacturing,14,2,37.7608,37.7608,0.0,100.0,False
55,Wafer Manufacturing,14,1,32.938,32.938,0.0,100.0,False
56,Chip Design,14,2,33.6587,33.6587,0.0,100.0,False
57,Quality Assurance,14,2,34.0319,34.0319,0.0,100.0,False
58,Chip Design,14,1,35.0083,35.0083,0.0,100.0,False
59,Quality Assurance,14,1,39.1993,39.1993,0.0,100.0,False
60,Quality Assurance,14,2,35.2836,35.2836,0.0,100.0,False
61,Process Engineering,14,2,36.8655,36.8655,0.0,100.0,False
62,Quality Assurance,14,1,41.8977,41.8977,0.0,100.0,False
63,Wafer Manufacturing,14,1,36.9312,36.9312,0.0,100.0,False
64,Process Engineering,14,1,40.2125,40.2125,0.0,100.0,False
65,Wafer Manufacturing,14,1,35.1991,35.1991,0.0,100.0,False
66,Wafer Manufacturing,14,1,37.3837,37.3837,0.0,100.0,False
67,Process Engineering,14,2,35.1499,35.1499,0.0,100.0,False
68,Wafer Manufacturing,14,2,36.9829,36.9829,0.0,100.0,False
69,Chip Design,14,1,40.5209,40.5209,0.0,100.0,False
70,Wafer Manufacturing,14,2,32.818,32.818,0.0,100.0,False
71,Process Engineering,14,1,39.3033,39.3033,0.0,100.0,False
72,Chip Design,14,2,38.7132,38.7132,0.0,100.0,False
73,Wafer Manufacturing,14,2,36.2176,36.2176,0.0,100.0,False
74,Chip Design,14,1,33.6618,33.6618,0.0,100.0,False
75,Quality Assurance,14,1,38.2164,38.2164,0.0,100.0,False
76,Wafer Manufacturing,14,1,36.4115,36.4115,0.0,100.0,False
77,Wafer Manufacturing,14,1,38.698,38.698,0.0,100.0,False
78,Chip Design,14,2,38.0656,38.0656,0.0,100.0,False
79,Quality Assurance,14,1,42.0,42.0,0.0,100.0,False
80,Quality Assurance,14,1,37.2819,37.2819,0.0,100.0,False
1,Chip Design,15,1,40.2298,40.2298,0.0,100.0,False
2,Process Engineering,15,1,39.6295,39.6295,0.0,100.0,False
3,Quality Assurance,15,2,36.0035,36.0035,0.0,100.0,False
4,Wafer Manufacturing,15,2,38.6965,38.6965,0.0,100.0,False
5,Wafer Manufacturing,15,1,38.3501,38.3501,0.0,100.0,False
6,Process Engineering,15,1,38.6561,38.6561,0.0,100.0,False
7,Chip Design,15,2,40.6143,40.6143,0.0,100.0,False
8,Quality Assurance,15,2,38.6708,38.6708,0.0,100.0,False
9,Chip Design,15,1,40.0367,40.0367,0.0,100.0,False
10,Chip Design,15,1,38.2027,38.2027,0.0,100.0,False
11,Quality Assurance,15,1,38.8674,38.8674,0.0,100.0,False
12,Process Engineering,15,1,39.8939,39.8939,0.0,100.0,False
13,Quality Assurance,15,1,33.6285,33.6285,0.0,100.0,False
14,Process Engineering,15,3,31.4848,31.4848,0.0,100.0,False
15,Quality Assurance,15,1,36.5889,36.5889,0.0,100.0,False
16,Process Engineering,15,1,36.0834,36.0834,0.0,100.0,False
17,Quality Assurance,15,1,37.1746,37.1746,0.0,100.0,False
18,Chip Design,15,1,42.0,42.0,0.0,100.0,False
19,Process Engineering,15,2,35.4025,35.4025,0.0,100.0,False
20,Wafer Manufacturing,15,1,40.9048,40.9048,0.0,100.0,False
21,Quality Assurance,15,1,32.9514,32.9514,0.0,100.0,False
22,Wafer Manufacturing,15,1,36.9953,36.9953,0.0,100.0,False
23,Chip Design,15,1,38.4883,38.4883,0.0,100.0,False
24,Process Engineering,15,1,39.7587,39.7587,0.0,100.0,False
25,Process Engineering,15,2,40.1337,40.1337,0.0,100.0,False
26,Quality Assurance,15,1,40.38,40.38,0.0,100.0,False
27,Wafer Manufacturing,15,2,36.9538,36.9538,0.0,100.0,False
28,Process Engineering,15,1,36.6129,36.6129,0.0,100.0,False
29,Quality Assurance,15,1,40.5739,40.5739,0.0,100.0,False
30,Wafer Manufacturing,15,1,37.4261,37.4261,0.0,100.0,False
31,Wafer Manufacturing,15,1,34.1729,34.1729,0.0,100.0,False
32,Chip Design,15,2,34.6001,34.6001,0.0,100.0,False
33,Chip Design,15,2,35.2416,35.2416,0.0,100.0,False
34,Quality Assurance,15,2,39.4915,39.4915,0.0,100.0,False
35,Process Engineering,15,2,38.4273,38.4273,0.0,100.0,False
36,Chip Design,15,1,40.0715,40.0715,0.0,100.0,False
37,Process Engineering,15,2,36.7182,36.7182,0.0,100.0,False
38,Process Engineering,15,1,38.4756,38.4756,0.0,100.0,False
39,Wafer Manufacturing,15,1,39.8768,39.8768,0.0,100.0,False
40,Quality Assurance,15,1,37.072,37.072,0.0,100.0,False
41,Chip Design,15,2,39.3703,39.3703,0.0,100.0,False
42,Process Engineering,15,1,36.0142,36.0142,0.0,100.0,False
43,Quality Assurance,15,1,36.9108,36.9108,0.0,100.0,False
44,Wafer Manufacturing,15,1,36.8548,36.8548,0.0,100.0,False
45,Chip Design,15,1,34.4125,34.4125,0.0,100.0,False
46,Process Engineering,15,1,39.4609,39.4609,0.0,100.0,False
47,Wafer Manufacturing,15,2,36.5918,36.5918,0.0,100.0,False
48,Process Engineering,15,1,38.0375,38.0375,0.0,100.0,False
49,Quality Assurance,15,1,39.4422,39.4422,0.0,100.0,False
50,Process Engineering,15,1,39.3396,39.3396,0.0,100.0,False
51,Process Engineering,15,1,39.9962,39.9962,0.0,100.0,False
52,Chip Design,15,1,37.7045,37.7045,0.0,100.0,False
53,Wafer Manufacturing,15,1,36.7301,36.7301,0.0,100.0,False
54,Wafer Manufacturing,15,1,37.7608,37.7608,0.0,100.0,False
55,Wafer Manufacturing,15,1,32.938,32.938,0.0,100.0,False
56,Chip Design,15,2,33.6587,33.6587,0.0,100.0,False
57,Quality Assurance,15,2,34.0319,34.0319,0.0,100.0,False
58,Chip Design,15,2,35.0083,35.0083,0.0,100.0,False
59,Quality Assurance,15,2,39.1993,39.1993,0.0,100.0,False
60,Quality Assurance,15,2,35.2836,35.2836,0.0,100.0,False
61,Process Engineering,15,1,36.8655,36.8655,0.0,100.0,False
62,Quality Assurance,15,1,41.8977,41.8977,0.0,100.0,False
63,Wafer Manufacturing,15,2,36.9312,36.9312,0.0,100.0,False
64,Process Engineering,15,2,40.2125,40.2125,0.0,100.0,False
65,Wafer Manufacturing,15,1,35.1991,35.1991,0.0,100.0,False
66,Wafer Manufacturing,15,1,37.3837,37.3837,0.0,100.0,False
67,Process Engineering,15,2,35.1499,35.1499,0.0,100.0,False
68,Wafer Manufacturing,15,1,36.9829,36.9829,0.0,100.0,False
69,Chip Design,15,1,40.5209,40.5209,0.0,100.0,False
70,Wafer Manufacturing,15,1,32.818,32.818,0.0,100.0,False
71,Process Engineering,15,1,39.3033,39.3033,0.0,100.0,False
72,Chip Design,15,1,38.7132,38.7132,0.0,100.0,False
73,Wafer Manufacturing,15,1,36.2176,36.2176,0.0,100.0,False
74,Chip Design,15,1,33.6618,33.6618,0.0,100.0,False
75,Quality Assurance,15,1,38.2164,38.2164,0.0,100.0,False
76,Wafer Manufacturing,15,2,35.9737,36.4115,0.4378,98.8,False
77,Wafer Manufacturing,15,1,38.698,38.698,0.0,100.0,False
78,Chip Design,15,1,38.0656,38.0656,0.0,100.0,False
79,Quality Assurance,15,1,42.0,42.0,0.0,100.0,False
80,Quality Assurance,15,3,31.6896,31.6896,0.0,100.0,False
1,Chip Design,16,1,40.2298,40.2298,0.0,100.0,False
2,Process Engineering,16,2,39.6295,39.6295,0.0,100.0,False
3,Quality Assurance,16,2,36.0035,36.0035,0.0,100.0,False
4,Wafer Manufacturing,16,1,38.6965,38.6965,0.0,100.0,False
5,Wafer Manufacturing,16,2,38.3501,38.3501,0.0,100.0,False
6,Process Engineering,16,1,38.6561,38.6561,0.0,100.0,False
7,Chip Design,16,2,40.6143,40.6143,0.0,100.0,False
8,Quality Assurance,16,2,38.6708,38.6708,0.0,100.0,False
9,Chip Design,16,2,40.0367,40.0367,0.0,100.0,False
10,Chip Design,16,1,38.2027,38.2027,0.0,100.0,False
11,Quality Assurance,16,1,38.8674,38.8674,0.0,100.0,False
12,Process Engineering,16,1,39.8939,39.8939,0.0,100.0,False
13,Quality Assurance,16,1,33.6285,33.6285,0.0,100.0,False
14,Process Engineering,16,2,37.041,37.041,0.0,100.0,False
15,Quality Assurance,16,1,36.5889,36.5889,0.0,100.0,False
16,Process Engineering,16,1,36.0834,36.0834,0.0,100.0,False
17,Quality Assurance,16,1,37.1746,37.1746,0.0,100.0,False
18,Chip Design,16,1,42.0,42.0,0.0,100.0,False
19,Process Engineering,16,1,35.4025,35.4025,0.0,100.0,False
20,Wafer Manufacturing,16,3,34.7691,34.7691,0.0,100.0,False
21,Quality Assurance,16,1,32.9514,32.9514,0.0,100.0,False
22,Wafer Manufacturing,16,1,36.9953,36.9953,0.0,100.0,False
23,Chip Design,16,1,38.4883,38.4883,0.0,100.0,False
24,Process Engineering,16,2,39.7587,39.7587,0.0,100.0,False
25,Process Engineering,16,1,40.1337,40.1337,0.0,100.0,False
26,Quality Assurance,16,1,40.38,40.38,0.0,100.0,False
27,Wafer Manufacturing,16,1,36.9538,36.9538,0.0,100.0,False
28,Process Engineering,16,1,36.6129,36.6129,0.0,100.0,False
29,Quality Assurance,16,1,40.5739,40.5739,0.0,100.0,False
30,Wafer Manufacturing,16,1,37.4261,37.4261,0.0,100.0,False
31,Wafer Manufacturing,16,1,34.1729,34.1729,0.0,100.0,False
32,Chip Design,16,2,34.6001,34.6001,0.0,100.0,False
33,Chip Design,16,1,35.2416,35.2416,0.0,100.0,False
34,Quality Assurance,16,1,39.4915,39.4915,0.0,100.0,False
35,Process Engineering,16,1,38.4273,38.4273,0.0,100.0,False
36,Chip Design,16,1,40.0715,40.0715,0.0,100.0,False
37,Process Engineering,16,2,36.7182,36.7182,0.0,100.0,False
38,Process Engineering,16,1,38.4756,38.4756,0.0,100.0,False
39,Wafer Manufacturing,16,1,39.8768,39.8768,0.0,100.0,False
40,Quality Assurance,16,2,37.072,37.072,0.0,100.0,False
41,Chip Design,16,1,39.3703,39.3703,0.0,100.0,False
42,Process Engineering,16,1,36.0142,36.0142,0.0,100.0,False
43,Quality Assurance,16,2,36.9108,36.9108,0.0,100.0,False
44,Wafer Manufacturing,16,1,36.8548,36.8548,0.0,100.0,False
45,Chip Design,16,1,34.4125,34.4125,0.0,100.0,False
46,Process Engineering,16,1,39.4609,39.4609,0.0,100.0,False
47,Wafer Manufacturing,16,2,36.5918,36.5918,0.0,100.0,False
48,Process Engineering,16,1,38.0375,38.0375,0.0,100.0,False
49,Quality Assurance,16,2,39.4422,39.4422,0.0,100.0,False
50,Process Engineering,16,1,39.3396,39.3396,0.0,100.0,False
51,Process Engineering,16,1,39.9962,39.9962,0.0,100.0,False
52,Chip Design,16,2,37.7045,37.7045,0.0,100.0,False
53,Wafer Manufacturing,16,1,36.7301,36.7301,0.0,100.0,False
54,Wafer Manufacturing,16,1,37.7608,37.7608,0.0,100.0,False
55,Wafer Manufacturing,16,1,32.938,32.938,0.0,100.0,False
56,Chip Design,16,2,33.6587,33.6587,0.0,100.0,False
57,Quality Assurance,16,2,34.0319,34.0319,0.0,100.0,False
58,Chip Design,16,1,35.0083,35.0083,0.0,100.0,False
59,Quality Assurance,16,1,39.1993,39.1993,0.0,100.0,False
60,Quality Assurance,16,2,35.2836,35.2836,0.0,100.0,False
61,Process Engineering,16,1,36.8655,36.8655,0.0,100.0,False
62,Quality Assurance,16,1,41.8977,41.8977,0.0,100.0,False
63,Wafer Manufacturing,16,1,36.9312,36.9312,0.0,100.0,False
64,Process Engineering,16,1,40.2125,40.2125,0.0,100.0,False
65,Wafer Manufacturing,16,1,35.1991,35.1991,0.0,100.0,False
66,Wafer Manufacturing,16,1,37.3837,37.3837,0.0,100.0,False
67,Process Engineering,16,2,35.1499,35.1499,0.0,100.0,False
68,Wafer Manufacturing,16,1,36.9829,36.9829,0.0,100.0,False
69,Chip Design,16,1,40.5209,40.5209,0.0,100.0,False
70,Wafer Manufacturing,16,1,32.818,32.818,0.0,100.0,False
71,Process Engineering,16,1,39.3033,39.3033,0.0,100.0,False
72,Chip Design,16,1,38.7132,38.7132,0.0,100.0,False
73,Wafer Manufacturing,16,2,36.2176,36.2176,0.0,100.0,False
74,Chip Design,16,2,33.6618,33.6618,0.0,100.0,False
75,Quality Assurance,16,1,38.2164,38.2164,0.0,100.0,False
76,Wafer Manufacturing,16,2,36.4115,36.4115,0.0,100.0,False
77,Wafer Manufacturing,16,1,38.698,38.698,0.0,100.0,False
78,Chip Design,16,1,38.0656,38.0656,0.0,100.0,False
79,Quality Assurance,16,1,42.0,42.0,0.0,100.0,False
80,Quality Assurance,16,1,37.2819,37.2819,0.0,100.0,False
1,Chip Design,17,1,40.2298,40.2298,0.0,100.0,False
2,Process Engineering,17,1,39.6295,39.6295,0.0,100.0,False
3,Quality Assurance,17,1,36.0035,36.0035,0.0,100.0,False
4,Wafer Manufacturing,17,1,38.6965,38.6965,0.0,100.0,False
5,Wafer Manufacturing,17,1,38.3501,38.3501,0.0,100.0,False
6,Process Engineering,17,1,38.6561,38.6561,0.0,100.0,False
7,Chip Design,17,1,40.6143,40.6143,0.0,100.0,False
8,Quality Assurance,17,1,38.6708,38.6708,0.0,100.0,False
9,Chip Design,17,1,40.0367,40.0367,0.0,100.0,False
10,Chip Design,17,2,38.2027,38.2027,0.0,100.0,False
11,Quality Assurance,17,1,38.8674,38.8674,0.0,100.0,False
12,Process Engineering,17,1,39.8939,39.8939,0.0,100.0,False
13,Quality Assurance,17,2,33.6285,33.6285,0.0,100.0,False
14,Process Engineering,17,1,37.041,37.041,0.0,100.0,False
15,Quality Assurance,17,3,31.1005,31.1005,0.0,100.0,False
16,Process Engineering,17,1,36.0834,36.0834,0.0,100.0,False
17,Quality Assurance,17,1,37.1746,37.1746,0.0,100.0,False
18,Chip Design,17,1,42.0,42.0,0.0,100.0,False
19,Process Engineering,17,2,35.4025,35.4025,0.0,100.0,False
20,Wafer Manufacturing,17,1,40.9048,40.9048,0.0,100.0,False
21,Quality Assurance,17,1,32.9514,32.9514,0.0,100.0,False
22,Wafer Manufacturing,17,1,36.9953,36.9953,0.0,100.0,False
23,Chip Design,17,1,38.4883,38.4883,0.0,100.0,False
24,Process Engineering,17,1,39.7587,39.7587,0.0,100.0,False
25,Process Engineering,17,1,40.1337,40.1337,0.0,100.0,False
26,Quality Assurance,17,1,40.38,40.38,0.0,100.0,False
27,Wafer Manufacturing,17,1,36.9538,36.9538,0.0,100.0,False
28,Process Engineering,17,1,36.6129,36.6129,0.0,100.0,False
29,Quality Assurance,17,2,40.5739,40.5739,0.0,100.0,False
30,Wafer Manufacturing,17,1,37.4261,37.4261,0.0,100.0,False
31,Wafer Manufacturing,17,1,34.1729,34.1729,0.0,100.0,False
32,Chip Design,17,1,34.6001,34.6001,0.0,100.0,False
33,Chip Design,17,2,35.2416,35.2416,0.0,100.0,False
34,Quality Assurance,17,1,39.4915,39.4915,0.0,100.0,False
35,Process Engineering,17,2,38.4273,38.4273,0.0,100.0,False
36,Chip Design,17,1,40.0715,40.0715,0.0,100.0,False
37,Process Engineering,17,1,36.7182,36.7182,0.0,100.0,False
38,Process Engineering,17,2,33.7855,38.4756,4.6902,87.81,False
39,Wafer Manufacturing,17,2,39.8768,39.8768,0.0,100.0,False
40,Quality Assurance,17,2,37.072,37.072,0.0,100.0,False
41,Chip Design,17,1,39.3703,39.3703,0.0,100.0,False
42,Process Engineering,17,1,36.0142,36.0142,0.0,100.0,False
43,Quality Assurance,17,2,36.9108,36.9108,0.0,100.0,False
44,Wafer Manufacturing,17,3,31.3266,31.3266,0.0,100.0,False
45,Chip Design,17,2,34.4125,34.4125,0.0,100.0,False
46,Process Engineering,17,1,39.4609,39.4609,0.0,100.0,False
47,Wafer Manufacturing,17,1,36.5918,36.5918,0.0,100.0,False
48,Process Engineering,17,2,38.0375,38.0375,0.0,100.0,False
49,Quality Assurance,17,1,39.4422,39.4422,0.0,100.0,False
50,Process Engineering,17,2,39.3396,39.3396,0.0,100.0,False
51,Process Engineering,17,1,39.9962,39.9962,0.0,100.0,False
52,Chip Design,17,1,37.7045,37.7045,0.0,100.0,False
53,Wafer Manufacturing,17,1,36.7301,36.7301,0.0,100.0,False
54,Wafer Manufacturing,17,2,37.7608,37.7608,0.0,100.0,False
55,Wafer Manufacturing,17,1,32.938,32.938,0.0,100.0,False
56,Chip Design,17,1,33.6587,33.6587,0.0,100.0,False
57,Quality Assurance,17,1,34.0319,34.0319,0.0,100.0,False
58,Chip Design,17,1,35.0083,35.0083,0.0,100.0,False
59,Quality Assurance,17,1,39.1993,39.1993,0.0,100.0,False
60,Quality Assurance,17,2,35.2836,35.2836,0.0,100.0,False
61,Process Engineering,17,1,36.8655,36.8655,0.0,100.0,False
62,Quality Assurance,17,1,41.8977,41.8977,0.0,100.0,False
63,Wafer Manufacturing,17,2,36.9312,36.9312,0.0,100.0,False
64,Process Engineering,17,1,40.2125,40.2125,0.0,100.0,False
65,Wafer Manufacturing,17,1,35.1991,35.1991,0.0,100.0,False
66,Wafer Manufacturing,17,1,37.3837,37.3837,0.0,100.0,False
67,Process Engineering,17,1,35.1499,35.1499,0.0,100.0,False
68,Wafer Manufacturing,17,1,36.9829,36.9829,0.0,100.0,False
69,Chip Design,17,2,40.5209,40.5209,0.0,100.0,False
70,Wafer Manufacturing,17,1,32.818,32.818,0.0,100.0,False
71,Process Engineering,17,1,39.3033,39.3033,0.0,100.0,False
72,Chip Design,17,2,38.7132,38.7132,0.0,100.0,False
73,Wafer Manufacturing,17,1,36.2176,36.2176,0.0,100.0,False
74,Chip Design,17,1,33.6618,33.6618,0.0,100.0,False
75,Quality Assurance,17,1,38.2164,38.2164,0.0,100.0,False
76,Wafer Manufacturing,17,1,36.4115,36.4115,0.0,100.0,False
77,Wafer Manufacturing,17,2,38.698,38.698,0.0,100.0,False
78,Chip Design,17,3,32.3557,32.3557,0.0,100.0,False
79,Quality Assurance,17,2,42.0,42.0,0.0,100.0,False
80,Quality Assurance,17,1,37.2819,37.2819,0.0,100.0,False
1,Chip Design,18,2,40.2298,40.2298,0.0,100.0,False
2,Process Engineering,18,1,39.6295,39.6295,0.0,100.0,False
3,Quality Assurance,18,1,36.0035,36.0035,0.0,100.0,False
4,Wafer Manufacturing,18,1,38.6965,38.6965,0.0,100.0,False
5,Wafer Manufacturing,18,2,38.3501,38.3501,0.0,100.0,False
6,Process Engineering,18,1,38.6561,38.6561,0.0,100.0,False
7,Chip Design,18,1,40.6143,40.6143,0.0,100.0,False
8,Quality Assurance,18,1,38.6708,38.6708,0.0,100.0,False
9,Chip Design,18,1,40.0367,40.0367,0.0,100.0,False
10,Chip Design,18,1,38.2027,38.2027,0.0,100.0,False
11,Quality Assurance,18,2,38.8674,38.8674,0.0,100.0,False
12,Process Engineering,18,1,39.8939,39.8939,0.0,100.0,False
13,Quality Assurance,18,1,33.6285,33.6285,0.0,100.0,False
14,Process Engineering,18,1,37.041,37.041,0.0,100.0,False
15,Quality Assurance,18,1,36.5889,36.5889,0.0,100.0,False
16,Process Engineering,18,1,36.0834,36.0834,0.0,100.0,False
17,Quality Assurance,18,1,37.1746,37.1746,0.0,100.0,False
18,Chip Design,18,2,42.0,42.0,0.0,100.0,False
19,Process Engineering,18,2,35.4025,35.4025,0.0,100.0,False
20,Wafer Manufacturing,18,2,40.9048,40.9048,0.0,100.0,False
21,Quality Assurance,18,1,32.9514,32.9514,0.0,100.0,False
22,Wafer Manufacturing,18,1,36.9953,36.9953,0.0,100.0,False
23,Chip Design,18,1,38.4883,38.4883,0.0,100.0,False
24,Process Engineering,18,2,39.7587,39.7587,0.0,100.0,False
25,Process Engineering,18,1,40.1337,40.1337,0.0,100.0,False
26,Quality Assurance,18,1,40.38,40.38,0.0,100.0,False
27,Wafer Manufacturing,18,1,36.9538,36.9538,0.0,100.0,False
28,Process Engineering,18,1,36.6129,36.6129,0.0,100.0,False
29,Quality Assurance,18,2,40.5739,40.5739,0.0,100.0,False
30,Wafer Manufacturing,18,2,37.4261,37.4261,0.0,100.0,False
31,Wafer Manufacturing,18,1,34.1729,34.1729,0.0,100.0,False
32,Chip Design,18,1,34.6001,34.6001,0.0,100.0,False
33,Chip Design,18,1,35.2416,35.2416,0.0,100.0,False
34,Quality Assurance,18,1,39.4915,39.4915,0.0,100.0,False
35,Process Engineering,18,1,38.4273,38.4273,0.0,100.0,False
36,Chip Design,18,1,40.0715,40.0715,0.0,100.0,False
37,Process Engineering,18,2,36.7182,36.7182,0.0,100.0,False
38,Process Engineering,18,1,38.4756,38.4756,0.0,100.0,False
39,Wafer Manufacturing,18,1,39.8768,39.8768,0.0,100.0,False
40,Quality Assurance,18,2,37.072,37.072,0.0,100.0,False
41,Chip Design,18,1,39.3703,39.3703,0.0,100.0,False
42,Process Engineering,18,1,36.0142,36.0142,0.0,100.0,False
43,Quality Assurance,18,1,36.9108,36.9108,0.0,100.0,False
44,Wafer Manufacturing,18,1,36.8548,36.8548,0.0,100.0,False
45,Chip Design,18,1,34.4125,34.4125,0.0,100.0,False
46,Process Engineering,18,1,39.4609,39.4609,0.0,100.0,False
47,Wafer Manufacturing,18,1,36.5918,36.5918,0.0,100.0,False
48,Process Engineering,18,1,38.0375,38.0375,0.0,100.0,False
49,Quality Assurance,18,1,39.4422,39.4422,0.0,100.0,False
50,Process Engineering,18,1,39.3396,39.3396,0.0,100.0,False
51,Process Engineering,18,1,39.9962,39.9962,0.0,100.0,False
52,Chip Design,18,2,37.7045,37.7045,0.0,100.0,False
53,Wafer Manufacturing,18,1,36.7301,36.7301,0.0,100.0,False
54,Wafer Manufacturing,18,1,37.7608,37.7608,0.0,100.0,False
55,Wafer Manufacturing,18,3,27.9973,27.9973,0.0,100.0,False
56,Chip Design,18,1,33.6587,33.6587,0.0,100.0,False
57,Quality Assurance,18,2,34.0319,34.0319,0.0,100.0,False
58,Chip Design,18,2,35.0083,35.0083,0.0,100.0,False
59,Quality Assurance,18,2,39.1993,39.1993,0.0,100.0,False
60,Quality Assurance,18,1,35.2836,35.2836,0.0,100.0,False
61,Process Engineering,18,1,36.8655,36.8655,0.0,100.0,False
62,Quality Assurance,18,1,41.8977,41.8977,0.0,100.0,False
63,Wafer Manufacturing,18,2,36.9312,36.9312,0.0,100.0,False
64,Process Engineering,18,1,40.2125,40.2125,0.0,100.0,False
65,Wafer Manufacturing,18,1,35.1991,35.1991,0.0,100.0,False
66,Wafer Manufacturing,18,1,37.3837,37.3837,0.0,100.0,False
67,Process Engineering,18,1,35.1499,35.1499,0.0,100.0,False
68,Wafer Manufacturing,18,1,36.9829,36.9829,0.0,100.0,False
69,Chip Design,18,1,40.5209,40.5209,0.0,100.0,False
70,Wafer Manufacturing,18,1,32.818,32.818,0.0,100.0,False
71,Process Engineering,18,1,39.3033,39.3033,0.0,100.0,False
72,Chip Design,18,3,32.9062,32.9062,0.0,100.0,False
73,Wafer Manufacturing,18,1,36.2176,36.2176,0.0,100.0,False
74,Chip Design,18,1,33.6618,33.6618,0.0,100.0,False
75,Quality Assurance,18,1,38.2164,38.2164,0.0,100.0,False
76,Wafer Manufacturing,18,1,36.4115,36.4115,0.0,100.0,False
77,Wafer Manufacturing,18,1,38.698,38.698,0.0,100.0,False
78,Chip Design,18,2,38.0656,38.0656,0.0,100.0,False
79,Quality Assurance,18,4,35.7,35.7,0.0,100.0,False
80,Quality Assurance,18,1,37.2819,37.2819,0.0,100.0,False
1,Chip Design,19,1,40.2298,40.2298,0.0,100.0,False
2,Process Engineering,19,1,39.6295,39.6295,0.0,100.0,False
3,Quality Assurance,19,2,36.0035,36.0035,0.0,100.0,False
4,Wafer Manufacturing,19,1,38.6965,38.6965,0.0,100.0,False
5,Wafer Manufacturing,19,2,38.3501,38.3501,0.0,100.0,False
6,Process Engineering,19,1,38.6561,38.6561,0.0,100.0,False
7,Chip Design,19,1,40.6143,40.6143,0.0,100.0,False
8,Quality Assurance,19,1,38.6708,38.6708,0.0,100.0,False
9,Chip Design,19,2,40.0367,40.0367,0.0,100.0,False
10,Chip Design,19,1,38.2027,38.2027,0.0,100.0,False
11,Quality Assurance,19,1,38.8674,38.8674,0.0,100.0,False
12,Process Engineering,19,1,39.8939,39.8939,0.0,100.0,False
13,Quality Assurance,19,2,33.6285,33.6285,0.0,100.0,False
14,Process Engineering,19,1,37.041,37.041,0.0,100.0,False
15,Quality Assurance,19,2,36.5889,36.5889,0.0,100.0,False
16,Process Engineering,19,1,36.0834,36.0834,0.0,100.0,False
17,Quality Assurance,19,1,37.1746,37.1746,0.0,100.0,False
18,Chip Design,19,2,42.0,42.0,0.0,100.0,False
19,Process Engineering,19,1,35.4025,35.4025,0.0,100.0,False
20,Wafer Manufacturing,19,1,40.9048,40.9048,0.0,100.0,False
21,Quality Assurance,19,5,28.0087,28.0087,0.0,100.0,False
22,Wafer Manufacturing,19,2,36.9953,36.9953,0.0,100.0,False
23,Chip Design,19,2,38.4883,38.4883,0.0,100.0,False
24,Process Engineering,19,1,39.7587,39.7587,0.0,100.0,False
25,Process Engineering,19,3,34.1136,34.1136,0.0,100.0,False
26,Quality Assurance,19,2,40.38,40.38,0.0,100.0,False
27,Wafer Manufacturing,19,1,36.9538,36.9538,0.0,100.0,False
28,Process Engineering,19,1,36.6129,36.6129,0.0,100.0,False
29,Quality Assurance,19,1,40.5739,40.5739,0.0,100.0,False
30,Wafer Manufacturing,19,1,37.4261,37.4261,0.0,100.0,False
31,Wafer Manufacturing,19,4,29.047,29.047,0.0,100.0,False
32,Chip Design,19,1,34.6001,34.6001,0.0,100.0,False
33,Chip Design,19,1,35.2416,35.2416,0.0,100.0,False
34,Quality Assurance,19,1,39.4915,39.4915,0.0,100.0,False
35,Process Engineering,19,2,38.4273,38.4273,0.0,100.0,False
36,Chip Design,19,1,40.0715,40.0715,0.0,100.0,False
37,Process Engineering,19,2,36.7182,36.7182,0.0,100.0,False
38,Process Engineering,19,1,38.4756,38.4756,0.0,100.0,False
39,Wafer Manufacturing,19,1,39.8768,39.8768,0.0,100.0,False
40,Quality Assurance,19,1,37.072,37.072,0.0,100.0,False
41,Chip Design,19,3,33.4648,33.4648,0.0,100.0,False
42,Process Engineering,19,1,36.0142,36.0142,0.0,100.0,False
43,Quality Assurance,19,2,36.9108,36.9108,0.0,100.0,False
44,Wafer Manufacturing,19,1,36.8548,36.8548,0.0,100.0,False
45,Chip Design,19,2,34.4125,34.4125,0.0,100.0,False
46,Process Engineering,19,2,39.4609,39.4609,0.0,100.0,False
47,Wafer Manufacturing,19,1,36.5918,36.5918,0.0,100.0,False
48,Process Engineering,19,1,38.0375,38.0375,0.0,100.0,False
49,Quality Assurance,19,1,39.4422,39.4422,0.0,100.0,False
50,Process Engineering,19,1,39.3396,39.3396,0.0,100.0,False
51,Process Engineering,19,1,39.9962,39.9962,0.0,100.0,False
52,Chip Design,19,1,37.7045,37.7045,0.0,100.0,False
53,Wafer Manufacturing,19,1,36.7301,36.7301,0.0,100.0,False
54,Wafer Manufacturing,19,1,37.7608,37.7608,0.0,100.0,False
55,Wafer Manufacturing,19,2,29.7932,32.938,3.1447,90.45,False
56,Chip Design,19,1,33.6587,33.6587,0.0,100.0,False
57,Quality Assurance,19,1,34.0319,34.0319,0.0,100.0,False
58,Chip Design,19,1,35.0083,35.0083,0.0,100.0,False
59,Quality Assurance,19,2,39.1993,39.1993,0.0,100.0,False
60,Quality Assurance,19,1,35.2836,35.2836,0.0,100.0,False
61,Process Engineering,19,1,36.8655,36.8655,0.0,100.0,False
62,Quality Assurance,19,1,41.8977,41.8977,0.0,100.0,False
63,Wafer Manufacturing,19,1,36.9312,36.9312,0.0,100.0,False
64,Process Engineering,19,1,40.2125,40.2125,0.0,100.0,False
65,Wafer Manufacturing,19,1,35.1991,35.1991,0.0,100.0,False
66,Wafer Manufacturing,19,1,37.3837,37.3837,0.0,100.0,False
67,Process Engineering,19,1,35.1499,35.1499,0.0,100.0,False
68,Wafer Manufacturing,19,2,36.9829,36.9829,0.0,100.0,False
69,Chip Design,19,2,40.5209,40.5209,0.0,100.0,False
70,Wafer Manufacturing,19,1,32.818,32.818,0.0,100.0,False
71,Process Engineering,19,1,39.3033,39.3033,0.0,100.0,False
72,Chip Design,19,1,38.7132,38.7132,0.0,100.0,False
73,Wafer Manufacturing,19,1,36.2176,36.2176,0.0,100.0,False
74,Chip Design,19,1,33.6618,33.6618,0.0,100.0,False
75,Quality Assurance,19,1,38.2164,38.2164,0.0,100.0,False
76,Wafer Manufacturing,19,1,36.4115,36.4115,0.0,100.0,False
77,Wafer Manufacturing,19,1,38.698,38.698,0.0,100.0,False
78,Chip Design,19,1,38.0656,38.0656,0.0,100.0,False
79,Quality Assurance,19,1,42.0,42.0,0.0,100.0,False
80,Quality Assurance,19,1,37.2819,37.2819,0.0,100.0,False
1,Chip Design,20,2,35.9823,40.2298,4.2475,89.44,False
2,Process Engineering,20,1,39.6295,39.6295,0.0,100.0,False
3,Quality Assurance,20,1,36.0035,36.0035,0.0,100.0,False
4,Wafer Manufacturing,20,1,38.6965,38.6965,0.0,100.0,False
5,Wafer Manufacturing,20,1,38.3501,38.3501,0.0,100.0,False
6,Process Engineering,20,2,38.6561,38.6561,0.0,100.0,False
7,Chip Design,20,1,40.6143,40.6143,0.0,100.0,False
8,Quality Assurance,20,1,38.6708,38.6708,0.0,100.0,False
9,Chip Design,20,1,40.0367,40.0367,0.0,100.0,False
10,Chip Design,20,1,38.2027,38.2027,0.0,100.0,False
11,Quality Assurance,20,2,38.8674,38.8674,0.0,100.0,False
12,Process Engineering,20,1,39.8939,39.8939,0.0,100.0,False
13,Quality Assurance,20,3,28.5843,28.5843,0.0,100.0,False
14,Process Engineering,20,1,37.041,37.041,0.0,100.0,False
15,Quality Assurance,20,1,36.5889,36.5889,0.0,100.0,False
16,Process Engineering,20,1,36.0834,36.0834,0.0,100.0,False
17,Quality Assurance,20,1,37.1746,37.1746,0.0,100.0,False
18,Chip Design,20,1,42.0,42.0,0.0,100.0,False
19,Process Engineering,20,1,35.4025,35.4025,0.0,100.0,False
20,Wafer Manufacturing,20,1,40.9048,40.9048,0.0,100.0,False
21,Quality Assurance,20,1,32.9514,32.9514,0.0,100.0,False
22,Wafer Manufacturing,20,2,36.9953,36.9953,0.0,100.0,False
23,Chip Design,20,1,38.4883,38.4883,0.0,100.0,False
24,Process Engineering,20,1,39.7587,39.7587,0.0,100.0,False
25,Process Engineering,20,1,40.1337,40.1337,0.0,100.0,False
26,Quality Assurance,20,1,40.38,40.38,0.0,100.0,False
27,Wafer Manufacturing,20,1,36.9538,36.9538,0.0,100.0,False
28,Process Engineering,20,1,36.6129,36.6129,0.0,100.0,False
29,Quality Assurance,20,1,40.5739,40.5739,0.0,100.0,False
30,Wafer Manufacturing,20,1,37.4261,37.4261,0.0,100.0,False
31,Wafer Manufacturing,20,1,34.1729,34.1729,0.0,100.0,False
32,Chip Design,20,2,34.6001,34.6001,0.0,100.0,False
33,Chip Design,20,1,35.2416,35.2416,0.0,100.0,False
34,Quality Assurance,20,2,39.4915,39.4915,0.0,100.0,False
35,Process Engineering,20,1,38.4273,38.4273,0.0,100.0,False
36,Chip Design,20,1,40.0715,40.0715,0.0,100.0,False
37,Process Engineering,20,1,36.7182,36.7182,0.0,100.0,False
38,Process Engineering,20,1,38.4756,38.4756,0.0,100.0,False
39,Wafer Manufacturing,20,1,39.8768,39.8768,0.0,100.0,False
40,Quality Assurance,20,1,37.072,37.072,0.0,100.0,False
41,Chip Design,20,2,39.3703,39.3703,0.0,100.0,False
42,Process Engineering,20,1,36.0142,36.0142,0.0,100.0,False
43,Quality Assurance,20,1,36.9108,36.9108,0.0,100.0,False
44,Wafer Manufacturing,20,1,36.8548,36.8548,0.0,100.0,False
45,Chip Design,20,1,34.4125,34.4125,0.0,100.0,False
46,Process Engineering,20,2,39.4609,39.4609,0.0,100.0,False
47,Wafer Manufacturing,20,1,36.5918,36.5918,0.0,100.0,False
48,Process Engineering,20,1,38.0375,38.0375,0.0,100.0,False
49,Quality Assurance,20,2,39.4422,39.4422,0.0,100.0,False
50,Process Engineering,20,1,39.3396,39.3396,0.0,100.0,False
51,Process Engineering,20,1,39.9962,39.9962,0.0,100.0,False
52,Chip Design,20,2,37.7045,37.7045,0.0,100.0,False
53,Wafer Manufacturing,20,1,36.7301,36.7301,0.0,100.0,False
54,Wafer Manufacturing,20,2,37.7608,37.7608,0.0,100.0,False
55,Wafer Manufacturing,20,1,32.938,32.938,0.0,100.0,False
56,Chip Design,20,1,33.6587,33.6587,0.0,100.0,False
57,Quality Assurance,20,1,34.0319,34.0319,0.0,100.0,False
58,Chip Design,20,1,35.0083,35.0083,0.0,100.0,False
59,Quality Assurance,20,1,39.1993,39.1993,0.0,100.0,False
60,Quality Assurance,20,2,35.2836,35.2836,0.0,100.0,False
61,Process Engineering,20,1,36.8655,36.8655,0.0,100.0,False
62,Quality Assurance,20,1,41.8977,41.8977,0.0,100.0,False
63,Wafer Manufacturing,20,1,36.9312,36.9312,0.0,100.0,False
64,Process Engineering,20,2,40.2125,40.2125,0.0,100.0,False
65,Wafer Manufacturing,20,2,35.1991,35.1991,0.0,100.0,False
66,Wafer Manufacturing,20,2,37.3837,37.3837,0.0,100.0,False
67,Process Engineering,20,1,35.1499,35.1499,0.0,100.0,False
68,Wafer Manufacturing,20,1,36.9829,36.9829,0.0,100.0,False
69,Chip Design,20,1,40.5209,40.5209,0.0,100.0,False
70,Wafer Manufacturing,20,1,32.818,32.818,0.0,100.0,False
71,Process Engineering,20,1,39.3033,39.3033,0.0,100.0,False
72,Chip Design,20,1,38.7132,38.7132,0.0,100.0,False
73,Wafer Manufacturing,20,1,36.2176,36.2176,0.0,100.0,False
74,Chip Design,20,2,33.6618,33.6618,0.0,100.0,False
75,Quality Assurance,20,1,38.2164,38.2164,0.0,100.0,False
76,Wafer Manufacturing,20,1,36.4115,36.4115,0.0,100.0,False
77,Wafer Manufacturing,20,1,38.698,38.698,0.0,100.0,False
78,Chip Design,20,1,38.0656,38.0656,0.0,100.0,False
79,Quality Assurance,20,1,42.0,42.0,0.0,100.0,False
80,Quality Assurance,20,1,37.2819,37.2819,0.0,100.0,False
